{"options":{"check_for_updates":true,"comment":null,"compatopts_for_requires":true,"compat_wrappedjsobject":false,"compat_metadata":false,"compat_foreach":false,"compat_powerful_this":null,"sandbox":null,"noframes":null,"unwrap":null,"run_at":null,"tab_types":null,"override":{"use_includes":[],"orig_includes":["http://www.bilibili.com/video/av*","http://bangumi.bilibili.com/anime/v/*"],"merge_includes":true,"use_matches":[],"orig_matches":[],"merge_matches":true,"use_excludes":[],"orig_excludes":[],"merge_excludes":true,"use_connects":[],"merge_connects":true,"use_blockers":[],"orig_run_at":"document-start","orig_noframes":null}},"settings":{"enabled":false,"position":13},"meta":{"name":"bilibili HTML5播放器","uuid":"32cd6a1c-76d1-4065-8070-a0aec2f7f1aa","modified":1497583673074,"file_url":"https://greasyfork.org/scripts/22441-bilibili-html5%E6%92%AD%E6%94%BE%E5%99%A8/code/bilibili%20HTML5%E6%92%AD%E6%94%BE%E5%99%A8.user.js"}}