{"options":{"check_for_updates":true,"comment":null,"compatopts_for_requires":true,"compat_wrappedjsobject":false,"compat_metadata":false,"compat_foreach":false,"compat_powerful_this":null,"sandbox":null,"noframes":null,"unwrap":null,"run_at":null,"tab_types":null,"override":{"use_includes":[],"orig_includes":[],"merge_includes":true,"use_matches":[],"orig_matches":["*://*.bilibili.com/*"],"merge_matches":true,"use_excludes":[],"orig_excludes":[],"merge_excludes":true,"use_connects":[],"orig_connects":[],"merge_connects":true,"use_blockers":[],"orig_run_at":"document-start","orig_noframes":null}},"settings":{"enabled":false,"position":44},"meta":{"name":"Bilibili 干净链接","uuid":"00e2af7b-0aea-49d3-a09b-7aa8dd8d9456","modified":1663858153238,"file_url":"https://greasyfork.org/scripts/393995-bilibili%E5%B9%B2%E5%87%80%E9%93%BE%E6%8E%A5/code/bilibili%E5%B9%B2%E5%87%80%E9%93%BE%E6%8E%A5.user.js"}}