{"options":{"check_for_updates":true,"comment":null,"compatopts_for_requires":true,"compat_wrappedjsobject":false,"compat_metadata":false,"compat_foreach":false,"compat_powerful_this":null,"sandbox":null,"noframes":null,"unwrap":null,"run_at":null,"tab_types":null,"override":{"use_includes":[],"orig_includes":[],"merge_includes":true,"use_matches":[],"orig_matches":["https://blog.csdn.net/*/article/details/*"],"merge_matches":true,"use_excludes":[],"orig_excludes":[],"merge_excludes":true,"use_connects":[],"merge_connects":true,"use_blockers":[],"orig_run_at":"document-idle","orig_noframes":null}},"settings":{"enabled":true,"position":56},"meta":{"name":"CSDN免登录复制","uuid":"9d7f65ca-8c43-4ce9-b13e-d084b1cbbc20","modified":1604717366556,"file_url":"https://greasyfork.org/scripts/411919-csdn%E5%85%8D%E7%99%BB%E5%BD%95%E5%A4%8D%E5%88%B6/code/CSDN%E5%85%8D%E7%99%BB%E5%BD%95%E5%A4%8D%E5%88%B6.user.js"}}