{"options":{"check_for_updates":true,"comment":null,"compatopts_for_requires":true,"compat_wrappedjsobject":false,"compat_metadata":false,"compat_foreach":false,"compat_powerful_this":null,"sandbox":null,"noframes":null,"unwrap":null,"run_at":null,"tab_types":null,"override":{"use_includes":[],"orig_includes":[],"merge_includes":true,"use_matches":[],"orig_matches":["*://v.qq.com/x/cover/*","*://v.qq.com/x/page/*","*://www.iqiyi.com/v*","*://v.youku.com/v_show/*","*://www.mgtv.com/b/*","*://tv.sohu.com/v/*","*://film.sohu.com/album/*","*://www.le.com/ptv/vplay/*","*://video.tudou.com/v/*","*://v.pptv.com/show/*","*://vip.pptv.com/show/*","*://www.fun.tv/vplay/*","*://www.acfun.cn/v/*","*://www.bilibili.com/video/*","*://www.bilibili.com/anime/*","*://www.bilibili.com/bangumi/play/*","*://vip.1905.com/play/*","*://www.wasu.cn/Play/show/*","*://www.56.com/*"],"merge_matches":true,"use_excludes":[],"orig_excludes":[],"merge_excludes":true,"use_connects":[],"merge_connects":true,"use_blockers":[],"orig_run_at":"document-idle","orig_noframes":null}},"settings":{"enabled":false,"position":75},"meta":{"name":"VIP 视频解析(优化增强版)","uuid":"74b475c5-c879-4f3d-9279-1ee38ecff3af","modified":1643155354728,"file_url":"https://greasyfork.org/scripts/406849-vip-%E8%A7%86%E9%A2%91%E8%A7%A3%E6%9E%90-%E4%BC%98%E5%8C%96%E5%A2%9E%E5%BC%BA%E7%89%88/code/VIP%20%E8%A7%86%E9%A2%91%E8%A7%A3%E6%9E%90(%E4%BC%98%E5%8C%96%E5%A2%9E%E5%BC%BA%E7%89%88).user.js"}}