{"options":{"check_for_updates":true,"comment":null,"compatopts_for_requires":true,"compat_wrappedjsobject":false,"compat_metadata":false,"compat_foreach":false,"compat_powerful_this":null,"sandbox":null,"noframes":null,"unwrap":null,"run_at":null,"tab_types":null,"override":{"use_includes":[],"orig_includes":[],"merge_includes":true,"use_matches":[],"orig_matches":["*://*.docin.com/p-*","*://ishare.iask.sina.com.cn/f/*","*://ishare.iask.com/f/*","*://www.deliwenku.com/p-*","*://www.doc88.com/p-*","*://www.360doc.com/content/*","*://wenku.baidu.com/view/*","*://wenku.baidu.com/tfview/*","*://doc.mbalib.com/view/*","*://www.dugen.com/p-*","*://max.book118.com/html/*","*://view-cache.book118.com/pptView.html?*","*://*.book118.com/?readpage=*","https://greasyfork.org/zh-CN/scripts/435884-wenku-doc-downloader/feedback*"],"merge_matches":true,"use_excludes":[],"orig_excludes":[],"merge_excludes":true,"use_connects":[],"orig_connects":[],"merge_connects":true,"use_blockers":[],"orig_run_at":"document-idle","orig_noframes":null}},"settings":{"enabled":true,"position":91},"meta":{"name":"Wenku Doc Downloader","uuid":"55ead559-79e3-44d6-83e5-23d0709a8993","modified":1664090520255,"file_url":"https://greasyfork.org/scripts/435884-wenku-doc-downloader/code/Wenku%20Doc%20Downloader.user.js"}}