{"options":{"check_for_updates":true,"comment":null,"compatopts_for_requires":true,"compat_wrappedjsobject":false,"compat_metadata":false,"compat_foreach":false,"compat_powerful_this":null,"sandbox":null,"noframes":null,"unwrap":null,"run_at":null,"tab_types":null,"override":{"use_includes":[],"orig_includes":["http://*.youku.com/*","http://v.youku.com/*","http://*.tudou.com/*","http://tv.sohu.com/*","http://*.iqiyi.com/*","http://*.letv.com/*","http://video.sina.com.cn/*","http://v.qq.com/*","http://61.147.76.6/*","http://222.141.53.5/*","http://*.56.com/*","http://*.bilibili.com/*","http://*.acfun.tv/*"],"merge_includes":true,"use_matches":[],"orig_matches":[],"merge_matches":true,"use_excludes":[],"orig_excludes":["http://www.acfun.tv/","http://*.weibo.com/*","http://*.sinaimg.cn/*","http://*.yinyuetai.com/*"],"merge_excludes":true,"use_connects":[],"merge_connects":true,"use_blockers":[],"orig_run_at":"document-idle","orig_noframes":null}},"settings":{"enabled":false,"position":12},"meta":{"name":"youku-html5-player","uuid":"a7dd1f21-001f-4f41-abf3-92666b95434f","modified":1497583673083,"file_url":"https://greasyfork.org/scripts/19282-youku-html5-player/code/youku-html5-player.user.js"}}