{"options":{"check_for_updates":true,"comment":null,"compatopts_for_requires":true,"compat_wrappedjsobject":false,"compat_metadata":false,"compat_foreach":false,"compat_powerful_this":null,"sandbox":null,"noframes":null,"unwrap":null,"run_at":null,"tab_types":null,"override":{"use_includes":[],"orig_includes":["*://wenku.baidu.com/*","*://*.kugou.com/*","*music.163.com/*","*://y.qq.com/n/yqq/song/*","*://www.kugou.com/song/*","*://www.xiami.com/song/*","*://*.ximalaya.com/*","*://v.vzuu.com/video/*","*://*.xiami.com/*","*://www.iesdouyin.com/share/video/*","*://*.zhihu.com/*","*://*.iqiyi.com/v_*","*://*.iqiyi.com/w_*","*://*.iqiyi.com/a_*","*://video.zhihu.com/video/*","*://blog.csdn.net/*/article/details/*","*://*.blog.csdn.net/article/details/*","*://bbs.csdn.net/*","*://www.csdn.net/*","*://*.iteye.com/blog/*","*://*.youku.com/v_*","*://*.bilibili.com/video/*","*://*.bilibili.com/anime/*","*://*.bilibili.com/bangumi/play/*","*://*.le.com/ptv/vplay/*","*://v.qq.com/x/cover/*","*://v.qq.com/x/page/*","*://*.tudou.com/listplay/*","*://*.tudou.com/albumplay/*","*://*.tudou.com/programs/view/*","*://*.mgtv.com/b/*","*://film.sohu.com/album/*","*://tv.sohu.com/v/*","*://*.acfun.cn/v/*","*://*.baofeng.com/play/*","*://vip.pptv.com/show/*","*://v.pptv.com/show/*","*://*.taobao.com/*","*://*.tmall.com/*","*://*.tmall.hk/*","*://*.jd.com/*","*://*.jd.hk/*","*://*.liangxinyao.com/*","*://*product.suning.com/*","*://*detail.vip.com/*","*://*mobile.yangkeduo.com/goods*","*://video.kuaishou.com/*/*"],"merge_includes":true,"use_matches":[],"orig_matches":[],"merge_matches":true,"use_excludes":[],"orig_excludes":[],"merge_excludes":true,"use_connects":[],"merge_connects":true,"use_blockers":[],"orig_run_at":"document-idle","orig_noframes":null}},"settings":{"enabled":false,"position":70},"meta":{"name":"【最新完美版】抖音、快手短视频去水印下载,全网VIP视频破解去广告,免费在线看全网音乐直接下载.百度文库破解加强、知乎使用增强、CSDN增强、自动查询内部优惠券,长期更新","uuid":"b1c9a74d-be1f-4002-9d5a-e612b8ac4ba2","modified":1636201403701,"file_url":"https://greasyfork.org/scripts/424535-%E6%9C%80%E6%96%B0%E5%AE%8C%E7%BE%8E%E7%89%88-%E6%8A%96%E9%9F%B3-%E5%BF%AB%E6%89%8B%E7%9F%AD%E8%A7%86%E9%A2%91%E5%8E%BB%E6%B0%B4%E5%8D%B0%E4%B8%8B%E8%BD%BD-%E5%85%A8%E7%BD%91vip%E8%A7%86%E9%A2%91%E7%A0%B4%E8%A7%A3%E5%8E%BB%E5%B9%BF%E5%91%8A-%E5%85%8D%E8%B4%B9%E5%9C%A8%E7%BA%BF%E7%9C%8B%E5%85%A8%E7%BD%91%E9%9F%B3%E4%B9%90%E7%9B%B4%E6%8E%A5%E4%B8%8B%E8%BD%BD-%E7%99%BE%E5%BA%A6%E6%96%87%E5%BA%93%E7%A0%B4%E8%A7%A3%E5%8A%A0%E5%BC%BA-%E7%9F%A5%E4%B9%8E%E4%BD%BF%E7%94%A8%E5%A2%9E%E5%BC%BA-csdn%E5%A2%9E%E5%BC%BA-%E8%87%AA%E5%8A%A8%E6%9F%A5%E8%AF%A2%E5%86%85%E9%83%A8%E4%BC%98%E6%83%A0%E5%88%B8-%E9%95%BF%E6%9C%9F%E6%9B%B4%E6%96%B0/code/%E3%80%90%E6%9C%80%E6%96%B0%E5%AE%8C%E7%BE%8E%E7%89%88%E3%80%91%E6%8A%96%E9%9F%B3%E3%80%81%E5%BF%AB%E6%89%8B%E7%9F%AD%E8%A7%86%E9%A2%91%E5%8E%BB%E6%B0%B4%E5%8D%B0%E4%B8%8B%E8%BD%BD,%E5%85%A8%E7%BD%91VIP%E8%A7%86%E9%A2%91%E7%A0%B4%E8%A7%A3%E5%8E%BB%E5%B9%BF%E5%91%8A,%E5%85%8D%E8%B4%B9%E5%9C%A8%E7%BA%BF%E7%9C%8B%E5%85%A8%E7%BD%91%E9%9F%B3%E4%B9%90%E7%9B%B4%E6%8E%A5%E4%B8%8B%E8%BD%BD%E7%99%BE%E5%BA%A6%E6%96%87%E5%BA%93%E7%A0%B4%E8%A7%A3%E5%8A%A0%E5%BC%BA%E3%80%81%E7%9F%A5%E4%B9%8E%E4%BD%BF%E7%94%A8%E5%A2%9E%E5%BC%BA%E3%80%81CSDN%E5%A2%9E%E5%BC%BA%E3%80%81%E8%87%AA%E5%8A%A8%E6%9F%A5%E8%AF%A2%E5%86%85%E9%83%A8%E4%BC%98%E6%83%A0%E5%88%B8,%E9%95%BF%E6%9C%9F%E6%9B%B4%E6%96%B0.user.js"}}