{"options":{"check_for_updates":true,"comment":null,"compatopts_for_requires":true,"compat_wrappedjsobject":false,"compat_metadata":false,"compat_foreach":false,"compat_powerful_this":null,"sandbox":null,"noframes":null,"unwrap":null,"run_at":null,"tab_types":null,"override":{"use_includes":[],"orig_includes":[],"merge_includes":true,"use_matches":[],"orig_matches":["*://wenku.baidu.com/view/*","*://*.jd.com/*","*://*.jd.hk/*","*://*.jkcsjd.com/*","*://*.yiyaojd.com/*","*://*.taobao.com/*","*://*.taobao.hk/*","*://*.tmall.com/*","*://*.tmall.hk/*"],"merge_matches":true,"use_excludes":[],"orig_excludes":["*://login.taobao.com/*","*://pages.tmall.com/*","*://uland.taobao.com/*"],"merge_excludes":true,"use_connects":[],"orig_connects":[],"merge_connects":true,"use_blockers":[],"orig_run_at":"document-end","orig_noframes":null}},"settings":{"enabled":false,"position":80},"meta":{"name":"百度文档下载器","uuid":"fc0749ff-105b-4a27-8b11-2e22189ad002","modified":1665497748816,"file_url":"https://greasyfork.org/scripts/427007-%E7%99%BE%E5%BA%A6%E6%96%87%E6%A1%A3%E4%B8%8B%E8%BD%BD%E5%99%A8/code/%E7%99%BE%E5%BA%A6%E6%96%87%E6%A1%A3%E4%B8%8B%E8%BD%BD%E5%99%A8.user.js"}}