{"options":{"check_for_updates":false,"comment":null,"compatopts_for_requires":true,"compat_wrappedjsobject":false,"compat_metadata":false,"compat_foreach":false,"compat_powerful_this":null,"sandbox":null,"noframes":null,"unwrap":null,"run_at":null,"tab_types":null,"override":{"use_includes":[],"orig_includes":[],"merge_includes":true,"use_matches":[],"orig_matches":["*://*/*"],"merge_matches":true,"use_excludes":[],"orig_excludes":["*www.bilibili.com/video*","*www.bilibili.com/v*","*www.bilibili.com/bangumi*","*www.youtube.com/watch*","*www.panda.tv*"],"merge_excludes":true,"use_connects":[],"merge_connects":true,"use_blockers":[],"orig_run_at":"document-start","orig_noframes":null}},"settings":{"enabled":false,"position":68},"meta":{"name":"网页限制解除(改)","uuid":"0c156817-fc9d-4e76-bf92-94beeb37e742","modified":1619014313996,"file_url":"https://greasyfork.org/scripts/28497-remove-web-limits-modified/code/Remove%20web%20limits(modified).user.js"}}