{"options":{"check_for_updates":true,"comment":null,"compatopts_for_requires":true,"compat_wrappedjsobject":false,"compat_metadata":false,"compat_foreach":false,"compat_powerful_this":null,"sandbox":null,"noframes":null,"unwrap":null,"run_at":null,"tab_types":null,"override":{"use_includes":[],"orig_includes":["/^https:\\/\\/.+\\.lanzou[a-z]\\.com\\/.*$/"],"merge_includes":true,"use_matches":[],"orig_matches":["*://pan.lanzou.com/*","*://lanzou.com/u","*://www.lanzou.com/account.php*","*://www.lanzou.com/u","*://up.woozooo.com/u","*://up.woozooo.com/mydisk.php*","*://pc.woozooo.com/u","*://pc.woozooo.com/mydisk.php*"],"merge_matches":true,"use_excludes":[],"orig_excludes":[],"merge_excludes":true,"use_connects":[],"orig_connects":[],"merge_connects":true,"use_blockers":[],"orig_run_at":"document-end","orig_noframes":true}},"settings":{"enabled":true,"position":64},"meta":{"name":"蓝奏云网盘增强","uuid":"180b8c80-5741-4440-ade5-0c90c55caf3c","modified":1665492122219,"file_url":"https://greasyfork.org/scripts/419224-%E8%93%9D%E5%A5%8F%E4%BA%91%E7%BD%91%E7%9B%98%E5%A2%9E%E5%BC%BA/code/%E8%93%9D%E5%A5%8F%E4%BA%91%E7%BD%91%E7%9B%98%E5%A2%9E%E5%BC%BA.user.js"}}