{"options":{"check_for_updates":true,"comment":null,"compatopts_for_requires":true,"compat_wrappedjsobject":false,"compat_metadata":false,"compat_foreach":false,"compat_powerful_this":null,"sandbox":null,"noframes":null,"unwrap":null,"run_at":null,"tab_types":null,"override":{"use_includes":[],"orig_includes":["*://v.youku.com/v_*","*://m.youku.com/v*","*://m.youku.com/a*","*://*.iqiyi.com/v_*","*://*.iqiyi.com/w_*","*://*.iqiyi.com/a_*","*://*.iqiyi.com/dianying/*","*://*.le.com/ptv/vplay/*","*v.qq.com/x/cover/*","*v.qq.com/x/page/*","*v.qq.com/play*","*://pan.baidu.com/*","*://*.tudou.com/listplay/*","*://*.tudou.com/albumplay/*","*://*.tudou.com/programs/view/*","*://*.mgtv.com/b/*","*://film.sohu.com/album/*","*://tv.sohu.com/*","*://*.bilibili.com/video/*","*://*.bilibili.com/anime/*","*://*.bilibili.com/bangumi/play/*","*://vip.pptv.com/show/*","*://v.pptv.com/show/*","*://*.baofeng.com/play/*","*://v.yinyuetai.com/video/*","*://v.yinyuetai.com/playlist/*","*://vip.1905.com/play/*"],"merge_includes":true,"use_matches":[],"orig_matches":[],"merge_matches":true,"use_excludes":[],"orig_excludes":[],"merge_excludes":true,"use_connects":[],"orig_connects":[],"merge_connects":true,"use_blockers":[],"orig_run_at":"document-idle","orig_noframes":null}},"settings":{"enabled":false,"position":58},"meta":{"name":"解析腾讯，优酷，爱奇艺等全网会员视频，vip视频，添加百度网盘超级会员账号共享","uuid":"6e665623-45b6-4405-9d9c-50c491caee6e","modified":1665497748819,"file_url":"https://greasyfork.org/scripts/418436-%E8%A7%A3%E6%9E%90%E4%BC%9A%E5%91%98%E8%A7%86%E9%A2%91/code/%E8%A7%A3%E6%9E%90%E4%BC%9A%E5%91%98%E8%A7%86%E9%A2%91.user.js"}}