{"options":{"check_for_updates":true,"comment":null,"compatopts_for_requires":true,"compat_wrappedjsobject":false,"compat_metadata":false,"compat_foreach":false,"compat_powerful_this":null,"sandbox":null,"noframes":null,"unwrap":null,"run_at":null,"tab_types":null,"override":{"use_includes":[],"orig_includes":["*://*.le.com/*","*://*.qq.com/*","*://*.1905.com/*","*://*.acfun.cn/*","*://*.mgtv.com/*","*://*.pptv.com/*","*://*.youku.com/*","*://*.iqiyi.com/*","*://*.ixigua.com/*","*://*.tv.sohu.com/*","*://*.bilibili.com/*"],"merge_includes":true,"use_matches":[],"orig_matches":["*://*.le.com/*","*://*.qq.com/*","*://*.1905.com/*","*://*.acfun.cn/*","*://*.mgtv.com/*","*://*.pptv.com/*","*://*.youku.com/*","*://*.iqiyi.com/*","*://*.ixigua.com/*","*://*.tv.sohu.com/*","*://*.bilibili.com/*"],"merge_matches":true,"use_excludes":[],"orig_excludes":[],"merge_excludes":true,"use_connects":[],"merge_connects":true,"use_blockers":[],"orig_run_at":"document-body","orig_noframes":true}},"settings":{"enabled":false,"position":79},"meta":{"name":"解析辅助脚本","uuid":"f7b422a2-d9fb-4ba7-99f3-af2ff197237f","modified":1643155353233,"file_url":"https://ceo30.coding.net/p/ceo30/d/ceo30/git/raw/master/111.user.js"}}