{"options":{"check_for_updates":true,"comment":null,"compatopts_for_requires":true,"compat_wrappedjsobject":false,"compat_metadata":false,"compat_foreach":false,"compat_powerful_this":null,"sandbox":null,"noframes":null,"unwrap":null,"run_at":null,"tab_types":null,"override":{"use_includes":[],"orig_includes":["*"],"merge_includes":true,"use_matches":[],"orig_matches":[],"merge_matches":true,"use_excludes":[],"orig_excludes":["*://www.kdocs.cn/p/*","*://docs.google.com/document/d/*","*://www.notion.so/*","*://www.wolai.com/*","*://yiqixie.qingque.cn/d/home/*","*://www.yuque.com/*/edit","*://*.cqaso.com/*","*://xiezuocat.com/#/doc/*","*://mail.*"],"merge_excludes":true,"use_connects":[],"merge_connects":true,"use_blockers":[],"orig_run_at":"document-body","orig_noframes":true}},"settings":{"enabled":false,"position":92},"meta":{"name":"链接助手","uuid":"66e43bbf-161f-4e68-83da-26d985f462bb","modified":1643156404450,"file_url":"https://greasyfork.org/scripts/422773-%E9%93%BE%E6%8E%A5%E5%8A%A9%E6%89%8B/code/%E9%93%BE%E6%8E%A5%E5%8A%A9%E6%89%8B.user.js"}}