{"options":{"check_for_updates":true,"comment":null,"compatopts_for_requires":true,"compat_wrappedjsobject":false,"compat_metadata":false,"compat_foreach":false,"compat_powerful_this":null,"sandbox":null,"noframes":null,"unwrap":null,"run_at":null,"tab_types":null,"override":{"use_includes":[],"orig_includes":[],"merge_includes":true,"use_matches":[],"orig_matches":["http://*/*","https://*/*"],"merge_matches":true,"use_excludes":[],"orig_excludes":[],"merge_excludes":true,"use_connects":[],"orig_connects":[],"merge_connects":true,"use_blockers":[],"orig_run_at":"document-start","orig_noframes":null}},"settings":{"enabled":true,"position":76},"meta":{"name":"A Universal Script to Re-Enable the Selection and Copying","uuid":"ca8d52e9-9d9a-4c05-b211-1dc55eded1bf","modified":1663858152979,"file_url":"https://greasyfork.org/scripts/427575-a-universal-script-to-re-enable-the-selection-and-copying/code/A%20Universal%20Script%20to%20Re-Enable%20the%20Selection%20and%20Copying.user.js"}}