{"options":{"check_for_updates":true,"comment":null,"compatopts_for_requires":true,"compat_wrappedjsobject":false,"compat_metadata":false,"compat_foreach":false,"compat_powerful_this":null,"sandbox":null,"noframes":null,"unwrap":null,"run_at":null,"tab_types":null,"override":{"use_includes":[],"orig_includes":["*://ipv6.baidu.com/*","*://www.baidu.com/*","*://www1.baidu.com/*","*://m.baidu.com/*","*://xueshu.baidu.com/s*","*://www.so.com/s?*","*://*.bing.com/*","*://encrypted.google.*/search*","*://*.google*/search*","*://*.google*/webhp*","*://*.zhihu.com/*","*://*duckduckgo.com/*","*://*.dogedoge.com/*"],"merge_includes":true,"use_matches":[],"orig_matches":[],"merge_matches":true,"use_excludes":[],"orig_excludes":["*://*.google*/sorry*","https://zhidao.baidu.com/*","https://*.zhidao.baidu.com/*","https://www.baidu.com/img/*","https://lens.google.com/*"],"merge_excludes":true,"use_connects":[],"orig_connects":["baidu.com","google.com","google.com.hk","google.com.jp","bing.com","duckduckgo.com","dogedoge.com","so.com"],"merge_connects":true,"use_blockers":[],"orig_run_at":"document-body","orig_noframes":null}},"settings":{"enabled":false,"position":8},"meta":{"name":"AC-baidu-重定向优化百度搜狗谷歌必应搜索_favicon_双列","uuid":"ad517571-81f5-4a4b-8d64-95076b1b01c1","modified":1663858157071,"file_url":"https://greasyfork.org/scripts/19759-%E5%8E%BB%E5%B9%BF%E5%91%8A-%E5%8E%BB%E9%99%A4%E7%99%BE%E5%BA%A6%E6%8E%A8%E5%B9%BF%E4%BB%A5%E5%8F%8A%E6%97%A0%E7%94%A8%E5%8A%9F%E8%83%BD/code/%E5%8E%BB%E5%B9%BF%E5%91%8A%E5%8E%BB%E9%99%A4%E7%99%BE%E5%BA%A6%E6%8E%A8%E5%B9%BF%E4%BB%A5%E5%8F%8A%E6%97%A0%E7%94%A8%E5%8A%9F%E8%83%BD.user.js"}}