{"options":{"check_for_updates":true,"comment":null,"compatopts_for_requires":true,"compat_wrappedjsobject":false,"compat_metadata":false,"compat_foreach":false,"compat_powerful_this":null,"sandbox":null,"noframes":null,"unwrap":null,"run_at":null,"tab_types":null,"override":{"use_includes":[],"orig_includes":["/^https?://(?:(?:c\\.)?tieba\\.baidu\\.com|www\\.tieba\\.com|dq\\.tieba\\.com|jump2?\\.bdimg\\.com)//"],"merge_includes":true,"use_matches":[],"orig_matches":[],"merge_matches":true,"use_excludes":[],"orig_excludes":[],"merge_excludes":true,"use_connects":[],"merge_connects":true,"use_blockers":[],"orig_run_at":"document-start","orig_noframes":null}},"settings":{"enabled":false,"position":9},"meta":{"name":"Baidu Tieba: No Login","uuid":"9a33fef5-717f-47cb-9393-203a18cbff7d","modified":1567776843878,"file_url":"https://greasyfork.org/scripts/14151-baidu-tieba-no-login/code/Baidu%20Tieba:%20No%20Login.user.js"}}