{"options":{"check_for_updates":true,"comment":null,"compatopts_for_requires":true,"compat_wrappedjsobject":false,"compat_metadata":false,"compat_foreach":false,"compat_powerful_this":null,"sandbox":null,"noframes":null,"unwrap":null,"run_at":null,"tab_types":null,"override":{"use_includes":[],"orig_includes":["*://www.bilibili.com/bangumi/play/ep*","*://www.bilibili.com/bangumi/play/ss*","*://m.bilibili.com/bangumi/play/ep*","*://m.bilibili.com/bangumi/play/ss*"],"merge_includes":true,"use_matches":[],"orig_matches":[],"merge_matches":true,"use_excludes":[],"orig_excludes":[],"merge_excludes":true,"use_connects":[],"merge_connects":true,"use_blockers":[],"orig_run_at":"document-idle","orig_noframes":null}},"settings":{"enabled":false,"position":41},"meta":{"name":"bilibili跳過片頭","uuid":"769b725b-b797-4361-a4db-27b2c4023ada","modified":1578365079875,"file_url":"https://greasyfork.org/scripts/394445-bilibili%E8%B7%B3%E9%81%8E%E7%89%87%E9%A0%AD/code/bilibili%E8%B7%B3%E9%81%8E%E7%89%87%E9%A0%AD.user.js"}}