{"options":{"check_for_updates":true,"comment":null,"compatopts_for_requires":true,"compat_wrappedjsobject":true,"compat_metadata":false,"compat_foreach":false,"compat_powerful_this":null,"sandbox":null,"noframes":null,"unwrap":null,"run_at":null,"tab_types":null,"override":{"use_includes":[],"orig_includes":["*://weibo.com/*","*://*.weibo.com/*","*://t.cn/*"],"merge_includes":true,"use_matches":[],"orig_matches":["*://*.weibo.com/*","*://t.cn/*"],"merge_matches":true,"use_excludes":[],"orig_excludes":["*://weibo.com/a/bind/*","*://account.weibo.com/*","*://kefu.weibo.com/*","*://photo.weibo.com/*","*://security.weibo.com/*","*://verified.weibo.com/*","*://vip.weibo.com/*","*://open.weibo.com/*","*://passport.weibo.com/*"],"merge_excludes":true,"use_connects":[],"orig_connects":["miaopai.com","sina.cn","sina.com.cn","sinaimg.cn","sinajs.cn","t.cn","weibo.com"],"merge_connects":true,"use_blockers":[],"orig_run_at":"document-start","orig_noframes":true}},"settings":{"enabled":false,"position":18},"meta":{"name":"Yet Another Weibo Filter","uuid":"0aa29e6c-e33b-4756-a468-b7ad3044c90b","modified":1663858154944,"file_url":"https://greasyfork.org/scripts/3249-yet-another-weibo-filter/code/Yet%20Another%20Weibo%20Filter.user.js"}}