{"options":{"check_for_updates":true,"comment":null,"compatopts_for_requires":true,"compat_wrappedjsobject":false,"compat_metadata":false,"compat_foreach":false,"compat_powerful_this":null,"sandbox":null,"noframes":null,"unwrap":null,"run_at":null,"tab_types":null,"override":{"use_includes":[],"orig_includes":["/^https?://www\\.baidu\\.com/.*$/"],"merge_includes":true,"use_matches":[],"orig_matches":[],"merge_matches":true,"use_excludes":[],"orig_excludes":[],"merge_excludes":true,"use_connects":[],"merge_connects":true,"use_blockers":[],"orig_run_at":"document-idle","orig_noframes":null}},"settings":{"enabled":true,"position":59},"meta":{"name":"允许复制网页内容","uuid":"5b010c7b-a117-4448-a5a6-5e62f91cec64","modified":1619013469501,"file_url":"https://greasyfork.org/scripts/425263-%E5%85%81%E8%AE%B8%E5%A4%8D%E5%88%B6%E7%BD%91%E9%A1%B5%E5%86%85%E5%AE%B9/code/%E5%85%81%E8%AE%B8%E5%A4%8D%E5%88%B6%E7%BD%91%E9%A1%B5%E5%86%85%E5%AE%B9.user.js"}}