{"options":{"check_for_updates":true,"comment":null,"compatopts_for_requires":true,"compat_wrappedjsobject":false,"compat_metadata":false,"compat_foreach":false,"compat_powerful_this":null,"sandbox":null,"noframes":null,"unwrap":null,"run_at":null,"tab_types":null,"override":{"use_includes":[],"orig_includes":["*://music.163.com/*"],"merge_includes":true,"use_matches":[],"orig_matches":["*://music.163.com/*"],"merge_matches":true,"use_excludes":[],"orig_excludes":[],"merge_excludes":true,"use_connects":[],"merge_connects":true,"use_blockers":[],"orig_run_at":"document-start","orig_noframes":null}},"settings":{"enabled":false,"position":16},"meta":{"name":"网易云音乐高音质支持","uuid":"3c635f5b-45ad-4890-82eb-96f0067c10fa","modified":1625199461424,"file_url":"https://greasyfork.org/scripts/10582-%E7%BD%91%E6%98%93%E4%BA%91%E9%9F%B3%E4%B9%90%E9%AB%98%E9%9F%B3%E8%B4%A8%E6%94%AF%E6%8C%81/code/%E7%BD%91%E6%98%93%E4%BA%91%E9%9F%B3%E4%B9%90%E9%AB%98%E9%9F%B3%E8%B4%A8%E6%94%AF%E6%8C%81.user.js"}}