{"options":{"check_for_updates":true,"comment":null,"compatopts_for_requires":true,"compat_wrappedjsobject":false,"compat_metadata":false,"compat_foreach":false,"compat_powerful_this":null,"sandbox":null,"noframes":null,"unwrap":null,"run_at":null,"tab_types":null,"override":{"use_includes":[],"orig_includes":[],"merge_includes":true,"use_matches":[],"orig_matches":["https://www.bilibili.com/video/*"],"merge_matches":true,"use_excludes":[],"orig_excludes":[],"merge_excludes":true,"use_connects":[],"orig_connects":[],"merge_connects":true,"use_blockers":[],"orig_run_at":"document-idle","orig_noframes":null}},"settings":{"enabled":true,"position":63},"meta":{"name":"自定义哔哩哔哩视频播放速度,记住播放速度","uuid":"fcfc824c-7bcb-4abb-a179-4ffecb7b76c4","modified":1663858156334,"file_url":"https://greasyfork.org/scripts/424633-%E8%87%AA%E5%AE%9A%E4%B9%89%E5%93%94%E5%93%A9%E5%93%94%E5%93%A9%E8%A7%86%E9%A2%91%E6%92%AD%E6%94%BE%E9%80%9F%E5%BA%A6/code/%E8%87%AA%E5%AE%9A%E4%B9%89%E5%93%94%E5%93%A9%E5%93%94%E5%93%A9%E8%A7%86%E9%A2%91%E6%92%AD%E6%94%BE%E9%80%9F%E5%BA%A6.user.js"}}