{"options":{"check_for_updates":true,"comment":null,"compatopts_for_requires":true,"compat_wrappedjsobject":false,"compat_metadata":false,"compat_foreach":false,"compat_powerful_this":null,"sandbox":null,"noframes":null,"unwrap":null,"run_at":null,"tab_types":null,"override":{"use_includes":[],"orig_includes":[],"merge_includes":true,"use_matches":[],"orig_matches":["*://*.iqiyi.com/*","*://*.youku.com/*","*://v.qq.com/*"],"merge_matches":true,"use_excludes":[],"orig_excludes":[],"merge_excludes":true,"use_connects":[],"merge_connects":true,"use_blockers":[],"orig_run_at":"document-idle","orig_noframes":null}},"settings":{"enabled":false,"position":39},"meta":{"name":"视频广告自动跳过","uuid":"42c76559-2eeb-43ec-9470-458ba33db8cb","modified":1626849173270,"file_url":"https://greasyfork.org/scripts/394637-%E8%A7%86%E9%A2%91%E5%B9%BF%E5%91%8A%E8%87%AA%E5%8A%A8%E8%B7%B3%E8%BF%87/code/%E8%A7%86%E9%A2%91%E5%B9%BF%E5%91%8A%E8%87%AA%E5%8A%A8%E8%B7%B3%E8%BF%87.user.js"}}