{"options":{"check_for_updates":true,"comment":null,"compatopts_for_requires":true,"compat_wrappedjsobject":false,"compat_metadata":false,"compat_foreach":false,"compat_prototypes":false,"compat_powerful_this":null,"noframes":null,"unwrap":null,"run_at":null,"tab_types":null,"override":{"use_includes":[],"orig_includes":[],"merge_includes":true,"use_matches":[],"orig_matches":["https://pan.kdbaidu.com/*"],"merge_matches":true,"use_excludes":[],"orig_excludes":[],"merge_excludes":true,"use_connects":[],"merge_connects":true,"use_blockers":[],"orig_run_at":"document-idle","orig_noframes":null}},"settings":{"enabled":true,"position":52},"meta":{"name":"BaiDuCloud分享链接自动填写","uuid":"fc29d68e-f757-47a3-831c-bef05dad6e95","modified":1604714970160,"file_url":"https://greasyfork.org/scripts/415510-baiducloud%E5%88%86%E4%BA%AB%E9%93%BE%E6%8E%A5%E8%87%AA%E5%8A%A8%E5%A1%AB%E5%86%99/code/BaiDuCloud%E5%88%86%E4%BA%AB%E9%93%BE%E6%8E%A5%E8%87%AA%E5%8A%A8%E5%A1%AB%E5%86%99.user.js"}}