{"options":{"check_for_updates":true,"comment":null,"compatopts_for_requires":true,"compat_wrappedjsobject":false,"compat_metadata":false,"compat_foreach":false,"compat_prototypes":false,"compat_powerful_this":null,"noframes":null,"unwrap":null,"run_at":null,"tab_types":null,"override":{"use_includes":[],"orig_includes":[],"merge_includes":true,"use_matches":[],"orig_matches":["*://*.bilibili.com/*"],"merge_matches":true,"use_excludes":[],"orig_excludes":["*://*.bilibili.com/*/mobile.html","*://*.bilibili.com/api/*","*://api.bilibili.com/*","*://api.*.bilibili.com/*","*://live.bilibili.com/h5/*","*://live.bilibili.com/*/h5/*","*://m.bilibili.com/*","*://mall.bilibili.com/*","*://member.bilibili.com/studio/bs-editor/*","*://www.bilibili.com/h5/*","*://www.bilibili.com/*/h5/*","*://bbq.bilibili.com/*"],"merge_excludes":true,"use_connects":[],"merge_connects":true,"use_blockers":[],"orig_run_at":"document-start","orig_noframes":null}},"settings":{"enabled":false,"position":73},"meta":{"name":"Bilibili Evolved","uuid":"e4bf58a3-0257-48b2-aaa5-f8c8b24e1cd5","modified":1637414115323,"file_url":"https://cdn.jsdelivr.net/gh/the1812/Bilibili-Evolved@master/bilibili-evolved.user.js"}}