{"options":{"check_for_updates":true,"comment":null,"compatopts_for_requires":true,"compat_wrappedjsobject":false,"compat_metadata":false,"compat_foreach":false,"compat_prototypes":false,"compat_powerful_this":null,"noframes":null,"unwrap":null,"run_at":null,"tab_types":null,"override":{"use_includes":[],"orig_includes":["https://blog.csdn.net/*"],"merge_includes":true,"use_matches":[],"orig_matches":[],"merge_matches":true,"use_excludes":[],"orig_excludes":[],"merge_excludes":true,"use_connects":[],"orig_connects":[],"merge_connects":true,"use_blockers":[],"orig_run_at":"document-idle","orig_noframes":null}},"settings":{"enabled":true,"position":96},"meta":{"name":"CSDN助手","uuid":"6269a12f-7b2b-442d-9393-40180c656a5d","modified":1646564800386,"file_url":"https://greasyfork.org/scripts/439112-csdn%E5%8A%A9%E6%89%8B/code/CSDN%E5%8A%A9%E6%89%8B.user.js"}}