{"options":{"check_for_updates":true,"comment":null,"compatopts_for_requires":true,"compat_wrappedjsobject":false,"compat_metadata":false,"compat_foreach":false,"compat_prototypes":false,"compat_powerful_this":null,"noframes":null,"unwrap":null,"run_at":null,"tab_types":null,"override":{"use_includes":[],"orig_includes":["http://www.youtube.com/*","https://www.youtube.com/*"],"merge_includes":true,"use_matches":[],"orig_matches":["http://www.youtube.com/*","https://www.youtube.com/*","http://s.ytimg.com/yts/jsbin/*","https://s.ytimg.com/yts/jsbin/*","http://manifest.googlevideo.com/*","https://manifest.googlevideo.com/*","http://*.googlevideo.com/videoplayback*","https://*.googlevideo.com/videoplayback*","http://*.youtube.com/videoplayback*","https://*.youtube.com/videoplayback*"],"merge_matches":true,"use_excludes":[],"orig_excludes":["http://www.youtube.com/embed/*","https://www.youtube.com/embed/*"],"merge_excludes":true,"use_connects":[],"merge_connects":true,"use_blockers":[],"orig_run_at":"document-end","orig_noframes":null}},"settings":{"enabled":true,"position":6},"meta":{"name":"Download YouTube Videos as MP4","uuid":"4092323e-284f-42d8-a771-382ff1d4b9a4","modified":1497583672995,"file_url":"https://greasyfork.org/scripts/1317-download-youtube-videos-as-mp4/code/Download%20YouTube%20Videos%20as%20MP4.user.js"}}