{"options":{"check_for_updates":true,"comment":null,"compatopts_for_requires":true,"compat_wrappedjsobject":false,"compat_metadata":false,"compat_foreach":false,"compat_prototypes":false,"compat_powerful_this":null,"noframes":null,"unwrap":null,"run_at":null,"tab_types":null,"override":{"use_includes":[],"orig_includes":["*/play*","*play/*"],"merge_includes":true,"use_matches":[],"orig_matches":["https://*.qq.com/*","https://www.weiyun.com/video_*","https://v.youku.com/v_show/id_*","https://vku.youku.com/live/*","https://video.tudou.com/v/*","https://www.iqiyi.com/*","https://live.bilibili.com/*","https://www.bilibili.com/*","https://www.ixigua.com/*","https://www.acfun.cn/*","https://live.acfun.cn/live/*","http://v.pptv.com/show/*","https://v.pptv.com/show/*","https://www.miguvideo.com/*","https://tv.sohu.com/*","https://film.sohu.com/album/*","https://www.mgtv.com/*","https://pan.baidu.com/*","https://yun.baidu.com/*","https://*.163.com/*","https://*.icourse163.org/*","http://video.sina.*/*","https://video.sina.*/*","http://k.sina.*/*","https://k.sina.*/*","https://weibo.com/*","https://*.weibo.com/*","https://pan.baidu.com/*","https://yun.baidu.com/*","http://v.ifeng.com/*","https://v.ifeng.com/*","http://news.mtime.com/*","http://video.mtime.com/*","https://www.youtube.com/watch*","https://www.ted.com/talks/*","https://www.yy.com/*","https://www.huya.com/*","https://v.douyu.com/*","https://www.douyu.com/*","https://www.longzhu.com/*","https://www.zhanqi.tv/*"],"merge_matches":true,"use_excludes":[],"orig_excludes":["https://user.qzone.qq.com/*","*olevod.com/index.php/vod/play/id/*","*olevod.tv/index.php/vod/play/id/*"],"merge_excludes":true,"use_connects":[],"orig_connects":[],"merge_connects":true,"use_blockers":[],"orig_run_at":"document-start","orig_noframes":null}},"settings":{"enabled":false,"position":25},"meta":{"name":"HTML5视频播放工具","uuid":"94b0ca87-bc59-49b9-a351-fd9286f701ef","modified":1652511028709,"file_url":"https://greasyfork.org/scripts/30545-%E8%A7%86%E9%A2%91%E7%BD%91html5%E6%92%AD%E6%94%BE%E5%B0%8F%E5%B7%A5%E5%85%B7/code/%E8%A7%86%E9%A2%91%E7%BD%91HTML5%E6%92%AD%E6%94%BE%E5%B0%8F%E5%B7%A5%E5%85%B7.user.js"}}