{"options":{"check_for_updates":true,"comment":null,"compatopts_for_requires":true,"compat_wrappedjsobject":false,"compat_metadata":false,"compat_foreach":false,"compat_prototypes":false,"compat_powerful_this":null,"noframes":null,"unwrap":null,"run_at":null,"tab_types":null,"override":{"use_includes":[],"orig_includes":[],"merge_includes":true,"use_matches":[],"orig_matches":["http://wenku.baidu.com/*","https://wenku.baidu.com/*"],"merge_matches":true,"use_excludes":[],"orig_excludes":[],"merge_excludes":true,"use_connects":[],"merge_connects":true,"use_blockers":[],"orig_run_at":"document-idle","orig_noframes":null}},"settings":{"enabled":false,"position":60},"meta":{"name":"【免费下载工具】百度文库下载页面快速跳转合集，支持文档下载和复制内容、下载卷、共享文档、VIP文档等内容复制","uuid":"7a25ae81-f03d-4f22-a318-2ea2d2901972","modified":1631023960270,"file_url":"https://greasyfork.org/scripts/424240-%E5%85%8D%E8%B4%B9%E4%B8%8B%E8%BD%BD%E5%B7%A5%E5%85%B7-%E7%99%BE%E5%BA%A6%E6%96%87%E5%BA%93%E4%B8%8B%E8%BD%BD%E9%A1%B5%E9%9D%A2%E5%BF%AB%E9%80%9F%E8%B7%B3%E8%BD%AC%E5%90%88%E9%9B%86-%E6%94%AF%E6%8C%81%E6%96%87%E6%A1%A3%E4%B8%8B%E8%BD%BD%E5%92%8C%E5%A4%8D%E5%88%B6%E5%86%85%E5%AE%B9-%E4%B8%8B%E8%BD%BD%E5%8D%B7-%E5%85%B1%E4%BA%AB%E6%96%87%E6%A1%A3-vip%E6%96%87%E6%A1%A3%E7%AD%89%E5%86%85%E5%AE%B9%E5%A4%8D%E5%88%B6/code/%E3%80%90%E5%85%8D%E8%B4%B9%E4%B8%8B%E8%BD%BD%E5%B7%A5%E5%85%B7%E3%80%91%E7%99%BE%E5%BA%A6%E6%96%87%E5%BA%93%E4%B8%8B%E8%BD%BD%E9%A1%B5%E9%9D%A2%E5%BF%AB%E9%80%9F%E8%B7%B3%E8%BD%AC%E5%90%88%E9%9B%86%EF%BC%8C%E6%94%AF%E6%8C%81%E6%96%87%E6%A1%A3%E4%B8%8B%E8%BD%BD%E5%92%8C%E5%A4%8D%E5%88%B6%E5%86%85%E5%AE%B9%E3%80%81%E4%B8%8B%E8%BD%BD%E5%8D%B7%E3%80%81%E5%85%B1%E4%BA%AB%E6%96%87%E6%A1%A3%E3%80%81VIP%E6%96%87%E6%A1%A3%E7%AD%89%E5%86%85%E5%AE%B9%E5%A4%8D%E5%88%B6.user.js"}}