{"ts":1665552634404,"data":{"pantools_MTEyNTMxMDYwOTI3NDc4OC1QYW5QYXJzZS1DYWNoZQ==":"s{\"key\":\"1125310609274788-PanParse-Cache\",\"value\":{\"data\":{\"dlink\":\"https://qdall01.baidupcs.com/file/f4eef506eu6e33812d4659244c1fcfab?bkt=en-2bd419aa17f4904fea22d05baad1f0dac9d6d11fc2b57a9637e323ca66a4e3897e90eaccc73ea3ab&fid=2032712910-250528-1125310609274788&time=1646725385&sign=FDTAXUVGERQlBHSKfWqir-UeoGxHiDqiLg9LcwQkKpb7NDHqhms3ns-xwQjr8%2F2Tt3NDpXk3ZcrQhumTtA%3D&to=92&size=31952963&sta_dx=31952963&sta_cs=20&sta_ft=exe&sta_ct=7&sta_mt=7&fm2=MH%2CYangquan%2CAnywhere%2C%2Ctaiwan%2Cany&ctime=0&mtime=0&resv0=-1&resv1=0&resv2=rlim&resv3=2&resv4=31952963&vuk=4013879587&iv=0&htype=&randtype=em&origin=dlna&newver=1&newfm=1&secfm=1&flow_ver=3&pkey=en-c7c402f7b7431ca158c34a6bea8704566a35677417551a5d353f55c0c34c69f1a290b9c4c0552072&expires=8h&rt=pr&r=970780696&fin=PotPlayer_v220302_1.7.21619_x64_Stable.exe&bflag=d0,d6,d7,d8s,d9,d10,d11,d0-d11&rtype=1&devuid=ce58bb4db922de095d02c73dd70d8cff6db574c1%7C2df9d0835d3471c5d2513ca378f5d76d&clienttype=9&channel=0&dp-logid=3492374038911119195&dp-callid=0.1&hps=1&tsl=0&csl=0&fsl=-1&csign=fpb7xCmlfnMshb7BbEuiCa65hUM%3D&so=0&ut=6&uter=0&serv=0&uc=3534232351&ti=d07a7c9c0a19b1698a8605576e453a30654d38ee580fe03b305a5e1275657320&hflag=10&vip=2&from_type=&adg=n&reqlabel=250528_f_efdc27d79ec2b15c783736dff37049fe_-1_dfdf6bb7b3fc2543af0418ef19a228e0&chkv=2&by=themis\",\"ua\":\"netdisk;P2SP;3.0.0.112\"},\"code\":1,\"msg\":\"\"},\"exp\":1646728986581}","pantools_MTc4NjY3NTg0MjY1ODQ3LVBhblBhcnNlLUNhY2hl":"s{\"key\":\"178667584265847-PanParse-Cache\",\"value\":{\"data\":{\"dlink\":\"https://qdall01.baidupcs.com/file/f4eef506eu6e33812d4659244c1fcfab?bkt=en-2bd419aa17f4904fea22d05baad1f0dac9d6d11fc2b57a9637e323ca66a4e3897e90eaccc73ea3ab&fid=1767948507-250528-178667584265847&time=1646724625&sign=FDTAXUGERQlBHSKfWqiru-UeoGxHiDqiLg9LcwQkKpb7NDHqhms3ns-tLJTCzvJJD%2FuKtNKbd9j5KkegZs%3D&to=92&size=31952963&sta_dx=31952963&sta_cs=18&sta_ft=exe&sta_ct=7&sta_mt=7&fm2=MH%2CYangquan%2CAnywhere%2C%2Ctaiwan%2Cany&ctime=0&mtime=0&resv0=-1&resv1=0&resv2=rlim&resv3=2&resv4=31952963&vuk=1009941045&iv=0&htype=&randtype=em&origin=dlna&newver=1&newfm=1&secfm=1&flow_ver=3&pkey=en-c7c402f7b7431ca158c34a6bea8704566a35677417551a5d353f55c0c34c69f1a290b9c4c0552072&expires=8h&rt=sh&r=665172357&fin=PotPlayer_v220302_1.7.21619_x64_Stable.exe&bflag=d0,d6,d7,d8s,d9,d10,d11,d0-d11&rtype=1&devuid=998b38bfe07d85bda070c0bd6888a41ec736821b%7C7988e0286671f0165a7c1811484d0fcb&clienttype=9&channel=0&dp-logid=392788764255029101&dp-callid=0.1&hps=1&tsl=0&csl=0&fsl=-1&csign=YRMtzFqnCaFs9oqY8qsZsqfrh4E%3D&so=0&ut=6&uter=0&serv=0&uc=3534232351&ti=068bcab50ae430c7be17b9f6ba46a79de5506c45e72bf9cd&hflag=10&vip=2&from_type=&adg=n&reqlabel=250528_f_efdc27d79ec2b15c783736dff37049fe_-1_dfdf6bb7b3fc2543af0418ef19a228e0&by=themis&resvsflag=1-12-0-1-1-1\",\"ua\":\"netdisk;P2SP;3.0.0.112\"},\"code\":1,\"msg\":\"\"},\"exp\":1646728225903}","pantools_MzI3ODA3MzM1MTQyMDk0LVBhblBhcnNlLUNhY2hl":"s{\"key\":\"327807335142094-PanParse-Cache\",\"value\":{\"data\":{\"dlink\":\"https://qdall01.baidupcs.com/file/2b3a45ba3d9082d736bdfbe5d16b50df?bkt=en-4d166c07188776158663ac38842cdefbc82738ccfb8f1c4d3eaefdd85eca1b5d0ff5c850dddc0201&fid=2032712910-250528-327807335142094&time=1646810897&sign=FDTAXUGERQlBHSKfWaqir-UeoGxHiDqiLg9LcwQkKpb7NDHqhms3ns-O0G3taJas7fWpIAIQoNADA1pk88%3D&to=92&size=5075204096&sta_dx=5075204096&sta_cs=23491&sta_ft=iso&sta_ct=7&sta_mt=7&fm2=MH%2CXian%2CAnywhere%2C%2Ctaiwan%2Cany&ctime=0&mtime=0&resv0=-1&resv1=0&resv2=rlim&resv3=2&resv4=5075204096&vuk=2896213149&iv=0&htype=&randtype=em&origin=dlna&newver=1&newfm=1&secfm=1&flow_ver=3&pkey=en-75741d0c6483d1a9dfe0d082845da98402ba72cc438d8b267212a2909fc2839e25765de11c6337c8&expires=8h&rt=pr&r=819907535&fin=cn_windows_10_business_edition_version_1803_updated_jul_2018_x64_dvd_12613133.iso&bflag=d0,d6,d7,d8s,d9,d10,d11,d0-d11&rtype=1&clienttype=9&channel=0&dp-logid=3453300972233971546&dp-callid=0.1&hps=1&tsl=0&csl=0&fsl=-1&csign=zdyzZvbKmNAi%2F0kvTFj8d%2F%2FAtrA%3D&so=0&ut=6&uter=0&serv=0&uc=3534232351&ti=93038386ad4cc6e121cf3ce9d36c8581b91919cce16656ba&hflag=10&vip=2&from_type=&adg=n&reqlabel=250528_f_e1c490400a25d1c4aa067c0e1202efe9_-1_b669bc2e741ca7ecd96f9519b5584c84&by=themis\",\"ua\":\"netdisk;P2SP;3.0.0.112\"},\"code\":1,\"msg\":\"\"},\"exp\":1646814498816}"}}