{"options":{"check_for_updates":true,"comment":null,"compatopts_for_requires":true,"compat_wrappedjsobject":false,"compat_metadata":false,"compat_foreach":false,"compat_prototypes":false,"compat_powerful_this":null,"noframes":null,"unwrap":null,"run_at":null,"tab_types":null,"override":{"use_includes":[],"orig_includes":["*/tv/*","*/acg/*","*/mov/*","*=http*","*&type=1ting*","*&type=ximalaya*","*&autoplay=1&metareferer=*","*://www.bumimi*","*://v.youku.com/v_show/id_*","*://v.qq.com/x/cover/*","*://v.qq.com/variety/p/topic/*","*://w.mgtv.com/b/*","*://www.mgtv.com/b/*","*://tw.iqiyi.com/v_*","*://www.iqiyi.com/v_*","*://www.iqiyi.com/a_*","*://www.iqiyi.com/w_*","*://www.iqiyi.com/kszt/*","*://tv.sohu.com/v/*","*://film.sohu.com/album/*","*://www.le.com/ptv/vplay/*","*://v.pptv.com/show/*","*://vip.1905.com/play/*","*://www.wasu.cn/*/show/id/*","*://www.fun.tv/vplay/g-*","*://www.ixigua.com/*","*://www.bilibili.com/bangumi/play/*","*://www.acfun.cn/bangumi/*"],"merge_includes":true,"use_matches":[],"orig_matches":["*://*/*/tv/*","*://*/*/acg/*","*://*/*/mov/*","*://*/*=http*","*://*/*&type=1ting*","*://*/*&type=ximalaya*","*://*/*&autoplay=1&metareferer=*","*://www.bilibili.com/blackboard/*","*://www.bilibili.com/*video/*","*://player.bilibili.com/*","*://*.tudou.com/v/*","*://*.tudou.com/*/id_*","*://v-wb.youku.com/v_show/id_*","*://vku.youku.com/live/*","*://w.mgtv.com/l/*","*://w.mgtv.com/s/*","*://www.mgtv.com/l/*","*://www.mgtv.com/s/*","*://www.mgtv.com/act/*","*://haokan.baidu.com/v*","*://haokan.hao123.com/v*","*://tieba.baidu.com/p/*","*://www.jiaomh.com/search.php?searchword=*","*://www.jiaomh.com/kmahua/*","*://www.jiaomh.com/kmahua/*","*://www.ak1080.com/vodsearch/*","*://www.ak1080.com/voddetail/*","*://www.ak1080.com/vodplay/*","*://www.wbdy.tv/*","*://www.ikukk.com/*","*://www.cupfox.com/search?key=*","*://movie.douban.com/subject/*","*://www.9ku.com/play/*","*://m.9ku.com/play/*","*://www.acfun.cn/*/ac*","*://m.youku.com/*/id_*","*://m.mgtv.com/b/*","*://m.pptv.com/show/*","*://m.tv.sohu.com/v*","*://m.tv.sohu.com/u/*","*://m.tv.sohu.com/phone_play_film*","*://m.le.com/vplay_*","*://m.iqiyi.com/v_*","*://m.v.qq.com/*","*://3g.v.qq.com/*","*://v.qq.com/x/page/*","*://z1.m1907.cn/*","*://www.yinyuetai.com/play?id=*","*://m.bilibili.com/bangumi/play/*","*://m.acfun.cn/v/*","*://m.douban.com/movie/subject/*","*://music.163.com/*","*://y.music.163.com/*","*://kuwo.cn/*","*://bd.kuwo.cn/*","*://www.kuwo.cn/*","*://m.kuwo.cn/newh5*","*://www.kugou.com/song/*","*://www.kugou.com/mvweb/*","*://m3ws.kugou.com/kgsong/*","*://m3ws.kugou.com/mv/*","*://m.kugou.com/*","*://y.qq.com/*","*://i.y.qq.com/*","*://www.xiami.com/*","*://h.xiami.com/*","*://m.xiami.com/*","*://music.migu.cn/*","*://m.music.migu.cn/*","*://5sing.kugou.com/*","*://kg.qq.com/node/*","*://www.app-echo.com/*","*://radio.sky31.com/*","*://www.lrts.me/playlist*","*://m.ximalaya.com/*","*://www.ximalaya.com/*","*://www.1ting.com/*"],"merge_matches":true,"use_excludes":[],"orig_excludes":[],"merge_excludes":true,"use_connects":[],"merge_connects":true,"use_blockers":[],"orig_run_at":"document-end","orig_noframes":true}},"settings":{"enabled":false,"position":83},"meta":{"name":"【电脑&手机全网唯一全自动脚本】VIP会员视频自动解析","uuid":"51bd2685-8128-4912-bd01-5863457586c4","modified":1636504317223,"file_url":"https://greasyfork.org/scripts/435234-%E7%94%B5%E8%84%91-%E6%89%8B%E6%9C%BA%E5%85%A8%E7%BD%91%E5%94%AF%E4%B8%80%E5%85%A8%E8%87%AA%E5%8A%A8%E8%84%9A%E6%9C%AC-vip%E4%BC%9A%E5%91%98%E8%A7%86%E9%A2%91%E8%87%AA%E5%8A%A8%E8%A7%A3%E6%9E%90/code/%E3%80%90%E7%94%B5%E8%84%91%E6%89%8B%E6%9C%BA%E5%85%A8%E7%BD%91%E5%94%AF%E4%B8%80%E5%85%A8%E8%87%AA%E5%8A%A8%E8%84%9A%E6%9C%AC%E3%80%91VIP%E4%BC%9A%E5%91%98%E8%A7%86%E9%A2%91%E8%87%AA%E5%8A%A8%E8%A7%A3%E6%9E%90.user.js"}}