{"options":{"check_for_updates":true,"comment":null,"compatopts_for_requires":true,"compat_wrappedjsobject":false,"compat_metadata":false,"compat_foreach":false,"compat_prototypes":false,"compat_powerful_this":null,"noframes":null,"unwrap":null,"run_at":null,"tab_types":null,"override":{"use_includes":[],"orig_includes":["http://tieba.baidu.com/*"],"merge_includes":true,"use_matches":[],"orig_matches":[],"merge_matches":true,"use_excludes":[],"orig_excludes":[],"merge_excludes":true,"use_connects":[],"merge_connects":true,"use_blockers":[],"orig_run_at":"document-start","orig_noframes":null}},"settings":{"enabled":false,"position":11},"meta":{"name":"去除贴吧列表里面的广告","uuid":"542d163b-efa7-4bf9-a076-48cba330fbb1","modified":1497583673077,"file_url":"https://greasyfork.org/scripts/10003-%E5%8E%BB%E9%99%A4%E8%B4%B4%E5%90%A7%E5%88%97%E8%A1%A8%E9%87%8C%E9%9D%A2%E7%9A%84%E5%B9%BF%E5%91%8A/code/%E5%8E%BB%E9%99%A4%E8%B4%B4%E5%90%A7%E5%88%97%E8%A1%A8%E9%87%8C%E9%9D%A2%E7%9A%84%E5%B9%BF%E5%91%8A.user.js"}}