{"options":{"check_for_updates":true,"comment":null,"compatopts_for_requires":true,"compat_wrappedjsobject":false,"compat_metadata":false,"compat_foreach":false,"compat_prototypes":false,"compat_powerful_this":null,"noframes":null,"unwrap":null,"run_at":null,"tab_types":null,"override":{"use_includes":[],"orig_includes":["*//cloud.189.cn/*"],"merge_includes":true,"use_matches":[],"orig_matches":[],"merge_matches":true,"use_excludes":[],"orig_excludes":[],"merge_excludes":true,"use_connects":[],"merge_connects":true,"use_blockers":[],"orig_run_at":"document-start","orig_noframes":null}},"settings":{"enabled":true,"position":74},"meta":{"name":"天翼云盘助手","uuid":"f0cfbadc-ff5f-4c50-987d-3bc8ab835079","modified":1631937660373,"file_url":"https://greasyfork.org/scripts/427633-%E5%A4%A9%E7%BF%BC%E4%BA%91%E7%9B%98%E5%8A%A9%E6%89%8B/code/%E5%A4%A9%E7%BF%BC%E4%BA%91%E7%9B%98%E5%8A%A9%E6%89%8B.user.js"}}