{"options":{"check_for_updates":true,"comment":null,"compatopts_for_requires":true,"compat_wrappedjsobject":false,"compat_metadata":false,"compat_foreach":false,"compat_prototypes":false,"compat_powerful_this":null,"noframes":null,"unwrap":null,"run_at":null,"tab_types":null,"override":{"use_includes":[],"orig_includes":[],"merge_includes":true,"use_matches":[],"orig_matches":["*://m.youku.com/v*","*://m.youku.com/a*","*://v.youku.com/v_*","*://*.iqiyi.com/adv*","*://*.iqiyi.com/v_*","*://*.iqiyi.com/w_*","*://*.iqiyi.com/a_*","*://*.le.com/ptv/vplay/*","*://*.le.com/vplay*","*v.qq.com/x/cover/*","*v.qq.com/x/page/*","*v.qq.com/play*","*v.qq.com/cover*","*://m.v.qq.com/play*","*://m.v.qq.com/x/m/play*","*://m.v.qq.com/x/play*","*://*.tudou.com/listplay/*","*://*.tudou.com/albumplay/*","*://*.tudou.com/programs/view/*","*://*.tudou.com/v*","*://*.mgtv.com/b/*","*://*.mgtv.com/s/*","*://film.sohu.com/album/*","*://tv.sohu.com/v/*","*://m.tv.sohu.com/v*","*://m.tv.sohu.com/album/*","*://*.acfun.cn/v/*","*://*.acfun.cn/bangumi/*","*://*.bilibili.com/video/*","*://*.bilibili.com/anime/*","*://*.bilibili.com/bangumi/play/*","*://*.pptv.com/show/*","*://vip.1905.com/play/*","*://*.wasu.cn/Play/show*","*://*.wasu.cn/wap/Play/show/*","*://*.wasu.cn/wap/play/show/*","*://*.miguvideo.com/wap/resource/pc/detail/*","*://*.miguvideo.com/mgs/website/prd/detail*","*://*.fun.tv/vplay/*","*://*.fun.tv/mplay/*"],"merge_matches":true,"use_excludes":[],"orig_excludes":["*://*.oopw.top/*"],"merge_excludes":true,"use_connects":[],"orig_connects":[],"merge_connects":true,"use_blockers":[],"orig_run_at":"document-end","orig_noframes":null}},"settings":{"enabled":false,"position":36},"meta":{"name":"月亮影视，全网VIP视频解析, 去广告, 超清播放, 支持优酷、腾讯、爱奇艺、芒果、PPTV、咪咕视频等全网VIP视频 2022/08/06 更新","uuid":"48ba4d23-0bf8-4171-a306-2ae549567ffa","modified":1663858153706,"file_url":"https://greasyfork.org/scripts/386573-%E5%85%A8%E7%BD%91vip%E8%A7%86%E9%A2%91%E8%A7%A3%E6%9E%90-%E5%8E%BB%E5%B9%BF%E5%91%8A-%E6%80%A5%E9%80%9F%E6%92%AD%E6%94%BE-%E6%94%AF%E6%8C%81%E4%BC%98%E9%85%B7-%E8%85%BE%E8%AE%AF-%E7%88%B1%E5%A5%87%E8%89%BA-%E8%8A%92%E6%9E%9C-pptv-%E5%92%AA%E5%92%95%E8%A7%86%E9%A2%91%E7%AD%89%E5%85%A8%E7%BD%91vip%E8%A7%86%E9%A2%91-2019-12-21-%E6%9B%B4%E6%96%B0/code/%E5%85%A8%E7%BD%91VIP%E8%A7%86%E9%A2%91%E8%A7%A3%E6%9E%90,%20%E5%8E%BB%E5%B9%BF%E5%91%8A,%20%E6%80%A5%E9%80%9F%E6%92%AD%E6%94%BE,%20%E6%94%AF%E6%8C%81%E4%BC%98%E9%85%B7%E3%80%81%E8%85%BE%E8%AE%AF%E3%80%81%E7%88%B1%E5%A5%87%E8%89%BA%E3%80%81%E8%8A%92%E6%9E%9C%E3%80%81PPTV%E3%80%81%E5%92%AA%E5%92%95%E8%A7%86%E9%A2%91%E7%AD%89%E5%85%A8%E7%BD%91VIP%E8%A7%86%E9%A2%91%2020191221%20%E6%9B%B4%E6%96%B0.user.js"}}