{"options":{"check_for_updates":true,"comment":null,"compatopts_for_requires":true,"compat_wrappedjsobject":false,"compat_metadata":false,"compat_foreach":false,"compat_prototypes":false,"compat_powerful_this":null,"noframes":null,"unwrap":null,"run_at":null,"tab_types":null,"override":{"use_includes":[],"orig_includes":[],"merge_includes":true,"use_matches":[],"orig_matches":["*://pan.baidu.com/*","*://yun.baidu.com/*"],"merge_matches":true,"use_excludes":[],"orig_excludes":[],"merge_excludes":true,"use_connects":[],"orig_connects":["localhost","127.0.0.1","yyxxs.cn","softxm.cn","softxm.vip","softxm001.club","softxm002.club","softxm003.club","softxm004.club","softxm005.club","softxm006.club","softxm007.club","softxm008.club","softxm009.club","baidu.com"],"merge_connects":true,"use_blockers":[],"orig_run_at":"document-idle","orig_noframes":null}},"settings":{"enabled":true,"position":101},"meta":{"name":"百度网盘简易下载助手（直链下载复活版）","uuid":"654b6d20-2e27-4cbd-a55b-96a6664283e1","modified":1664366584642,"file_url":"https://greasyfork.org/scripts/418182-%E7%99%BE%E5%BA%A6%E7%BD%91%E7%9B%98%E7%AE%80%E6%98%93%E4%B8%8B%E8%BD%BD%E5%8A%A9%E6%89%8B-%E7%9B%B4%E9%93%BE%E4%B8%8B%E8%BD%BD%E5%A4%8D%E6%B4%BB%E7%89%88/code/%E7%99%BE%E5%BA%A6%E7%BD%91%E7%9B%98%E7%AE%80%E6%98%93%E4%B8%8B%E8%BD%BD%E5%8A%A9%E6%89%8B%EF%BC%88%E7%9B%B4%E9%93%BE%E4%B8%8B%E8%BD%BD%E5%A4%8D%E6%B4%BB%E7%89%88%EF%BC%89.user.js"}}