{"options":{"check_for_updates":true,"comment":null,"compatopts_for_requires":true,"compat_wrappedjsobject":false,"compat_metadata":false,"compat_foreach":false,"compat_prototypes":false,"compat_powerful_this":null,"noframes":null,"unwrap":null,"run_at":null,"tab_types":null,"override":{"use_includes":[],"orig_includes":[],"merge_includes":true,"use_matches":[],"orig_matches":["*://*/*"],"merge_matches":true,"use_excludes":[],"orig_excludes":[],"merge_excludes":true,"use_connects":[],"orig_connects":[],"merge_connects":true,"use_blockers":[],"orig_run_at":"document-idle","orig_noframes":null}},"settings":{"enabled":false,"position":67},"meta":{"name":"网盘智能识别助手","uuid":"931841a9-2434-43c1-ac53-8db4e7b8f782","modified":1665497748811,"file_url":"https://greasyfork.org/scripts/422960-%E7%BD%91%E7%9B%98%E6%99%BA%E8%83%BD%E8%AF%86%E5%88%AB%E5%8A%A9%E6%89%8B/code/%E7%BD%91%E7%9B%98%E6%99%BA%E8%83%BD%E8%AF%86%E5%88%AB%E5%8A%A9%E6%89%8B.user.js"}}