{"options":{"check_for_updates":true,"comment":null,"compatopts_for_requires":true,"compat_wrappedjsobject":false,"compat_metadata":false,"compat_foreach":false,"compat_prototypes":false,"compat_powerful_this":null,"noframes":null,"unwrap":null,"run_at":null,"tab_types":null,"override":{"use_includes":[],"orig_includes":[],"merge_includes":true,"use_matches":[],"orig_matches":["https://pan.xunlei.com/*"],"merge_matches":true,"use_excludes":[],"orig_excludes":[],"merge_excludes":true,"use_connects":[],"orig_connects":["*","localhost","127.0.0.1","xunlei.com","dav.jianguoyun.com"],"merge_connects":true,"use_blockers":[],"orig_run_at":"document-idle","orig_noframes":null}},"settings":{"enabled":true,"position":97},"meta":{"name":"迅雷云盘","uuid":"73f3c49a-cced-41c5-9435-93932da8cd57","modified":1663028218715,"file_url":"https://greasyfork.org/scripts/431256-%E8%BF%85%E9%9B%B7%E4%BA%91%E7%9B%98/code/%E8%BF%85%E9%9B%B7%E4%BA%91%E7%9B%98.user.js"}}