{"options":{"check_for_updates":true,"comment":null,"compatopts_for_requires":true,"compat_wrappedjsobject":false,"compat_metadata":false,"compat_foreach":false,"compat_prototypes":false,"compat_powerful_this":null,"noframes":null,"unwrap":null,"run_at":null,"tab_types":null,"override":{"use_includes":[],"orig_includes":[],"merge_includes":true,"use_matches":[],"orig_matches":["*://wenku.baidu.com/view/*","*://wenku.baidu.com/share/*","*://wenku.baidu.com/link*","*://wenku.baidu.com/ndPureView/*","*://www.51test.net/show/*","*://www.xuexi.la/*","*://www.xuexila.com/*","*://www.cspengbo.com/*","*://*.doc88.com/*","*://segmentfault.com/*","*://wk.baidu.com/view/*","*://leetcode-cn.com/problems/*","*://www.zhihu.com/*","*://z.30edu.com.cn/*","*://docs.qq.com/doc/*","*://boke112.com/post/*","*://www.yuque.com/*","*://www.commandlinux.com/*","*://*.diyifanwen.com/*","*://*.mbalib.com/*","*://*.cnitpm.com/*","*://bbs.mihoyo.com/ys/*","*://*.ruiwen.com/*","*://www.uemeds.cn/*","*://www.oh100.com/*","*://www.aiyuke.com/news/*","*://www.fwsir.com/*","*://www.wenxm.cn/*","*://www.unjs.com/*","*://www.ahsrst.cn/*","*://*.yjbys.com/*","*://*.qidian.com/*","*://*.zongheng.com/*","*://*.17k.com/*","*://*.ciweimao.com/*","*://book.qq.com/*","*://*.360doc.com/content/*","*://*.850500.com/news/*","*://utaten.com/lyric/*","*://*.jianbiaoku.com/*","*://*.kt250.com/*","*://www.kejudati.com/*","*://*.xiaohongshu.com/discovery/*","*://*.baibeike.com/*","*://*.blog.csdn.net/*","*://*.bilibili.com/read/*","*://*.cnki.net/KXReader/*","*://*.cnrencai.com/*","*://*.kodiplayer.cn/*","*://tongxiehui.net/*","*://*.jianshu.com/p/*","*://*.linovelib.com/novel/*","*://*.wjx.cn/*","*://*.wjx.top/*","*://*.chazidian.com/*","*://*.juejin.cn/post/*","*://*.zgbk.com/ecph/*","*://*.wenmi.com/article/*","*://yuedu.baidu.com/*","*://www.inrrp.com.cn/*","*://fanyi.baidu.com/mtpe/*","*://www.shubaoc.com/*","*://blog.51cto.com/*","*://www.ximalaya.com/*","*://*.tianqi.com/*","*://*.xiexiebang.com/*","*://*.docin.com/*"],"merge_matches":true,"use_excludes":[],"orig_excludes":[],"merge_excludes":true,"use_connects":[],"orig_connects":["res3.doc88.com"],"merge_connects":true,"use_blockers":[],"orig_run_at":"document-start","orig_noframes":null}},"settings":{"enabled":false,"position":62},"meta":{"name":"🔥🔥🔥文本选中复制🔥🔥🔥","uuid":"cebc555f-e5f0-48ce-86ee-4166c32d44f1","modified":1665497747055,"file_url":"https://greasyfork.org/scripts/405130-%E6%96%87%E6%9C%AC%E9%80%89%E4%B8%AD%E5%A4%8D%E5%88%B6/code/%F0%9F%94%A5%F0%9F%94%A5%F0%9F%94%A5%E6%96%87%E6%9C%AC%E9%80%89%E4%B8%AD%E5%A4%8D%E5%88%B6%F0%9F%94%A5%F0%9F%94%A5%F0%9F%94%A5.user.js"}}