{"options":{"check_for_updates":true,"comment":null,"compatopts_for_requires":true,"compat_wrappedjsobject":false,"compat_metadata":false,"compat_foreach":false,"compat_prototypes":false,"compat_powerful_this":null,"noframes":null,"unwrap":null,"run_at":null,"tab_types":null,"override":{"use_includes":[],"orig_includes":["*://*.csdn.net/*"],"merge_includes":true,"use_matches":[],"orig_matches":[],"merge_matches":true,"use_excludes":[],"orig_excludes":[],"merge_excludes":true,"use_connects":[],"orig_connects":["www.csdn.net"],"merge_connects":true,"use_blockers":[],"orig_run_at":"document-idle","orig_noframes":null}},"settings":{"enabled":true,"position":37},"meta":{"name":"🔥持续更新🔥 CSDN广告完全过滤、人性化脚本优化：🆕 不用再登录了！让你体验令人惊喜的崭新CSDN。","uuid":"69f0722d-1f43-41a1-b4b5-080a339df49d","modified":1656551524056,"file_url":"https://greasyfork.org/scripts/378351-%E6%8C%81%E7%BB%AD%E6%9B%B4%E6%96%B0-csdn%E9%A1%B5%E9%9D%A2%E6%B5%AE%E7%AA%97%E5%B9%BF%E5%91%8A%E5%AE%8C%E5%85%A8%E8%BF%87%E6%BB%A4%E5%87%80%E5%8C%96-%E5%87%80%E5%8C%96%E5%A4%8D%E5%88%B6%E5%86%85%E5%AE%B9-%E8%87%AA%E5%8A%A8%E5%B1%95%E5%BC%80-%E8%AE%A9%E4%BD%A0%E4%B8%93%E6%B3%A8%E4%BA%8E%E6%96%87%E7%AB%A0-%E4%B8%8D%E5%BD%B1%E5%93%8D%E5%8A%9F%E8%83%BD%E4%BD%BF%E7%94%A8/code/(%E6%8C%81%E7%BB%AD%E6%9B%B4%E6%96%B0)CSDN%E9%A1%B5%E9%9D%A2%E6%B5%AE%E7%AA%97%E5%B9%BF%E5%91%8A%E5%AE%8C%E5%85%A8%E8%BF%87%E6%BB%A4%E5%87%80%E5%8C%96(%E5%87%80%E5%8C%96%E5%A4%8D%E5%88%B6%E5%86%85%E5%AE%B9%7C%E8%87%AA%E5%8A%A8%E5%B1%95%E5%BC%80%7C%E8%AE%A9%E4%BD%A0%E4%B8%93%E6%B3%A8%E4%BA%8E%E6%96%87%E7%AB%A0%7C%E4%B8%8D%E5%BD%B1%E5%93%8D%E5%8A%9F%E8%83%BD%E4%BD%BF%E7%94%A8).user.js"}}