{"ts":1665548165743,"data":{"episodeObj":"o{\"websiteTitle\":\"qq\",\"episodeList\":[],\"originVideoUrl\":\"https://v.qq.com/x/cover/mzc00200hdpza6k.html?report_recomm_player=ptag%3Dv_qq_com%7Crtype%3Dcid%7CalgId%3D5419%7CbucketId%3DEXP%3ARERANK%3D10156%7CNRBE%3D10156%7CPROFILE%3D10156%7CSELECTOR%3D10156%7CENGINE%3D10156%7CRANK%3D10156%7CINDEX%3D10156%7CACCESS%3D10156%7Creason%3D%7CreasonType%3D%7Ccid%3Dmzc00200hdpza6k%7Cvid%3D%7Cpid%3D%7Cmodule%3D%E7%84%A6%E7%82%B9%E5%9B%BE%7CpageType%3DfilmIndex%7Cseqnum%3D2779473336_1637415745.674946_744%7Cvideo_rec_report%3Dis_insert%3A%7Cinsert_type%3A%7Cload_type%3A%7Cflow_rule_id%3A156%7Ca_exp_id%3ARERANK-10156%23NRBE-10156%23PROFILE-10156%23SELECTOR-10156%23ENGINE-10156%23RANK-10156%23INDEX-10156%23ACCESS-10156%7Ca_src_key%3A100137%7Ca_seqnum%3A2779473336_1637415745.674946_744%7Ca_area_code%3A%7Ca_scene_type%3A2%7Creturn_item_num%3A36%7Ce_module_type%3A410%7C%7Ca_module_id%3A20190423006136%7Ce_item_id%3Amzc00200hdpza6k%7Ce_item_type%3A13%7Ce_item_mixid%3A%7C%7Ca_alg_id%3A5419%7Ca_alg_type%3A0%7Citem_score%3A0.000002\"}"}}