{"options":{"check_for_updates":true,"comment":null,"compatopts_for_requires":true,"compat_wrappedjsobject":false,"compat_metadata":false,"compat_foreach":false,"compat_prototypes":false,"compat_powerful_this":null,"noframes":null,"unwrap":null,"run_at":null,"tab_types":null,"override":{"use_includes":[],"orig_includes":["http*://www.bilibili.com/video/av*","http*://www.bilibili.com/video/BV*","http*://www.bilibili.com/watchlater/#/av*","http*://www.bilibili.com/watchlater/#/BV*","http*://www.bilibili.com/medialist/play/*/*","http*://www.bilibili.com/bangumi/play/*"],"merge_includes":true,"use_matches":[],"orig_matches":[],"merge_matches":true,"use_excludes":[],"orig_excludes":[],"merge_excludes":true,"use_connects":[],"merge_connects":true,"use_blockers":[],"orig_run_at":"document-end","orig_noframes":null}},"settings":{"enabled":false,"position":42},"meta":{"name":"bilibiliDanmaku","uuid":"b158761c-d229-4a3f-b17b-e458232780ee","modified":1604714389961,"file_url":"https://greasyfork.org/scripts/31259-bilibilidanmaku/code/bilibiliDanmaku.user.js"}}