{"options":{"check_for_updates":true,"comment":null,"compatopts_for_requires":true,"compat_wrappedjsobject":false,"compat_metadata":false,"compat_foreach":false,"compat_prototypes":false,"compat_powerful_this":null,"noframes":null,"unwrap":null,"run_at":null,"tab_types":null,"override":{"use_includes":[],"orig_includes":["*://*.le.com/*","*://tv.cctv.com/*","*://wlchunwan.cctv.com/*","*://*.cntv.cn/video/*","*://*.icourse163.org/*","*://mooc.study.163.com/learn/*","*://*.sohu.com/*html*","*://*mgtv.com/*html*","*://*acfun.cn/v/ac*","*://*acfun.cn/bangumi/*","*://m.acfun.cn/*"],"merge_includes":true,"use_matches":[],"orig_matches":[],"merge_matches":true,"use_excludes":[],"orig_excludes":[],"merge_excludes":true,"use_connects":[],"merge_connects":true,"use_blockers":[],"orig_run_at":"document-start","orig_noframes":null}},"settings":{"enabled":false,"position":19},"meta":{"name":"bye-flash-hello-html5 | 再见flash 你好html5","uuid":"056403d5-5fa4-4d8c-8af8-4d4a5a0fcfe8","modified":1553564584089,"file_url":"https://greasyfork.org/scripts/30879-bye-flash-hello-html5-%E5%86%8D%E8%A7%81flash-%E4%BD%A0%E5%A5%BDhtml5/code/bye-flash-hello-html5%20%7C%20%E5%86%8D%E8%A7%81flash%20%E4%BD%A0%E5%A5%BDhtml5.user.js"}}