{"options":{"check_for_updates":true,"comment":null,"compatopts_for_requires":true,"compat_wrappedjsobject":false,"compat_metadata":false,"compat_foreach":false,"compat_prototypes":false,"compat_powerful_this":null,"noframes":null,"unwrap":null,"run_at":null,"tab_types":null,"override":{"use_includes":[],"orig_includes":["https://bbs.csdn.net/topics/*","https://*.iteye.com/blog/*","https://*.iteye.com/news/*","https://ask.csdn.net/questions/*"],"merge_includes":true,"use_matches":[],"orig_matches":["*://blog.csdn.net/*/article/details/*","*://*.blog.csdn.net/article/details/*","<$URL$>"],"merge_matches":true,"use_excludes":[],"orig_excludes":[],"merge_excludes":true,"use_connects":[],"orig_connects":[],"merge_connects":true,"use_blockers":[],"orig_run_at":"document-start","orig_noframes":null}},"settings":{"enabled":true,"position":43},"meta":{"name":"CSDN 去广告沉浸阅读模式","uuid":"339e5b30-30eb-4c3e-b9e6-53d143667193","modified":1658289858277,"file_url":"https://greasyfork.org/scripts/373457-csdn-%E5%8E%BB%E5%B9%BF%E5%91%8A%E6%B2%89%E6%B5%B8%E9%98%85%E8%AF%BB%E6%A8%A1%E5%BC%8F/code/CSDN%20%E5%8E%BB%E5%B9%BF%E5%91%8A%E6%B2%89%E6%B5%B8%E9%98%85%E8%AF%BB%E6%A8%A1%E5%BC%8F.user.js"}}