{"options":{"check_for_updates":true,"comment":null,"compatopts_for_requires":true,"compat_wrappedjsobject":false,"compat_metadata":false,"compat_foreach":false,"compat_prototypes":false,"compat_powerful_this":null,"noframes":null,"unwrap":null,"run_at":null,"tab_types":null,"override":{"use_includes":[],"orig_includes":["*"],"merge_includes":true,"use_matches":[],"orig_matches":[],"merge_matches":true,"use_excludes":[],"orig_excludes":["http://blog.luckly-mjw.cn/tool-show/m3u8-downloader/index.html","https://blog.luckly-mjw.cn/tool-show/m3u8-downloader/index.html","https://www.bilibili.com/*"],"merge_excludes":true,"use_connects":[],"orig_connects":[],"merge_connects":true,"use_blockers":[],"orig_run_at":"document-start","orig_noframes":null}},"settings":{"enabled":false,"position":94},"meta":{"name":"m3u8-downloader","uuid":"4389fb5f-190b-4d8e-851e-e3dd5ba12a71","modified":1665497747389,"file_url":"https://blog.luckly-mjw.cn/tool-show/m3u8-downloader/m3u8-downloader.user.js"}}