{"ts":1665548165632,"data":{"debug":"bfalse","extent":"bfalse","search_enable":"bfalse","sync::globalConfig":"s{}","sync::user1189514351Config":"s{\"script_update_whatsnew.last\":58}","sync::user1189514351Follow":"s{}","sync::user1189514351Hide":"s{}","sync::user3655689037Config":"s{\"filter_homepage_single_group.group\":\"gundefined\",\"filter_homepage_single_group\":false,\"filter_homepage_multi_group\":false,\"filter_manually_hide\":false,\"filter_homepage_auto_load\":false,\"filter_homepage_desktop_notify.whitelist\":true,\"filter_homepage_desktop_notify\":false,\"filter_content_text_show.items\":[],\"filter_content_text_hide.items\":[],\"filter_content_text_fold.items\":[],\"filter_content_regex_show.items\":[],\"filter_content_regex_hide.items\":[],\"filter_content_regex_fold.items\":[],\"filter_author_id_show.items\":[],\"filter_author_id_hide.items\":[],\"filter_author_id_fold.items\":[],\"filter_author_forward_id_hide.items\":[],\"filter_author_forward_id_fold.items\":[],\"filter_original_discover\":true,\"filter_original_id_show.items\":[],\"filter_original_id_hide.items\":[],\"filter_original_id_fold.items\":[],\"filter_original_follower\":false,\"filter_original_follower.count\":10,\"filter_original_follower.account\":[],\"filter_mention_name_show.items\":[],\"filter_mention_name_hide.items\":[],\"filter_mention_name_fold.items\":[],\"filter_topic_text_show.items\":[],\"filter_topic_text_hide.items\":[],\"filter_topic_text_fold.items\":[],\"filter_source_text_show.items\":[],\"filter_source_text_hide.items\":[],\"filter_source_text_fold.items\":[],\"filter_my_feed\":false,\"filter_my_original\":false,\"filter_mention_me\":false,\"filter_ad_feed\":false,\"filter_fans_top\":false,\"filter_weibo_product\":false,\"filter_tb_tm_feed\":false,\"filter_weibo_pay\":false,\"filter_user_like\":false,\"filter_fake_weibo\":false,\"filter_deleted_forward\":false,\"filter_comment_and_forward\":false,\"filter_vote\":false,\"filter_red_pack\":false,\"filter_app_item\":false,\"filter_wenda\":false,\"filter_wenwo_dr\":false,\"filter_yizhibo\":true,\"filter_stock\":false,\"filter_paid\":false,\"filter_multiple_topics_feed.num\":5,\"filter_multiple_topics_feed\":false,\"flooding_author.number\":5,\"flooding_author.number.action\":\"fold\",\"flooding_author\":false,\"flooding_forward.number\":3,\"flooding_forward.number.action\":\"fold\",\"flooding_forward\":false,\"filter_comment_text_show.items\":[],\"filter_comment_text_hide.items\":[],\"filter_comment_regex_show.items\":[],\"filter_comment_regex_hide.items\":[],\"filter_comment_name_show.items\":[],\"filter_comment_name_hide.items\":[],\"filter_comment_show_my\":true,\"filter_comment_face_count.count\":8,\"filter_comment_face_count\":false,\"filter_comment_face_type.count\":4,\"filter_comment_face_type\":false,\"filter_comment_wo_content\":false,\"filter_comment_with_forward\":false,\"clean_icons_level\":false,\"clean_icons_member\":false,\"clean_icons_approve\":false,\"clean_icons_approve_co\":false,\"clean_icons_approve_dead\":false,\"clean_icons_club\":false,\"clean_icons_v_girl\":false,\"clean_icons_supervisor\":false,\"clean_icons_taobao\":false,\"clean_icons_cheng\":false,\"clean_icons_gongyi\":false,\"clean_icons_zongyika\":false,\"clean_icons_others\":false,\"clean_follow_single\":false,\"clean_follow_at_me\":false,\"clean_follow_discover\":false,\"clean_follow_whisper\":false,\"clean_follow_video\":false,\"clean_follow_recommend\":false,\"clean_nav_logo_img\":false,\"clean_nav_main\":false,\"clean_nav_tv\":false,\"clean_nav_hot\":false,\"clean_nav_game\":false,\"clean_nav_hot_search\":false,\"clean_nav_notice_new\":false,\"clean_nav_new\":false,\"clean_left_home\":false,\"clean_left_fav\":false,\"clean_left_like\":false,\"clean_left_hot\":false,\"clean_left_tv\":false,\"clean_left_friends\":false,\"clean_left_group_to_me\":false,\"clean_left_special\":false,\"clean_left_whisper\":false,\"clean_left_v_plus\":false,\"clean_left_new\":false,\"clean_left_news\":false,\"clean_left_count\":false,\"clean_middle_recommended_topic\":false,\"clean_middle_feed_recommend\":false,\"clean_middle_member_tip\":false,\"clean_right_info\":false,\"clean_right_ranks\":false,\"clean_right_hot_topic\":false,\"clean_right_interest\":false,\"clean_right_member\":false,\"clean_right_groups\":false,\"clean_right_recom_group_user\":false,\"clean_right_hongbao_rank\":false,\"clean_right_att_feed\":false,\"clean_right_notice\":false,\"clean_feed_recommend\":false,\"clean_feed_feed_outer_tip\":false,\"clean_feed_feed_tip\":false,\"clean_feed_group_tip\":false,\"clean_feed_vip_background\":false,\"clean_feed_last_pic\":false,\"clean_feed_pic_tag\":false,\"clean_feed_son_title\":false,\"clean_feed_card\":false,\"clean_feed_article_pay\":false,\"clean_feed_tag\":false,\"clean_feed_related_link\":false,\"clean_feed_source\":false,\"clean_feed_pop\":false,\"clean_feed_like\":false,\"clean_feed_like_comment\":false,\"clean_feed_forward\":false,\"clean_feed_favorite\":false,\"clean_feed_promote_other\":false,\"clean_feed_report\":false,\"clean_feed_use_card_background\":false,\"clean_profile_move_things\":false,\"clean_profile_cover\":false,\"clean_profile_bg_img\":false,\"clean_profile_badge_icon\":false,\"clean_profile_verify\":false,\"clean_profile_edit_person_info\":false,\"clean_profile_stats\":false,\"clean_profile_my_data\":false,\"clean_profile_suggest_user\":false,\"clean_profile_group\":false,\"clean_profile_relation\":false,\"clean_profile_album\":false,\"clean_profile_hot_topic\":false,\"clean_profile_hot_weibo\":false,\"clean_profile_recommend_feed\":false,\"clean_profile_user_list\":false,\"clean_profile_hongbao\":false,\"clean_profile_wenwo_dr\":false,\"clean_profile_timeline\":false,\"clean_message_help\":false,\"clean_message_feedback\":false,\"clean_other_ads\":true,\"clean_other_music\":false,\"clean_other_template\":false,\"clean_other_home_tip\":false,\"clean_other_footer\":false,\"clean_other_im\":false,\"clean_other_im_news\":false,\"clean_other_tip\":false,\"clean_other_related_feeds\":false,\"clean_other_related_video\":false,\"clean_other_related_artical\":false,\"clean_other_send_weibo\":false,\"layout_left_messages.atme\":true,\"layout_left_messages.cmt\":true,\"layout_left_messages.like\":false,\"layout_left_messages.dm\":false,\"layout_left_messages.msgbox\":false,\"layout_left_messages.group\":false,\"layout_left_messages.dmsub\":false,\"layout_left_messages\":false,\"layout_side_show_all_groups\":false,\"layout_side_merge.side\":\"right\",\"layout_side_merge\":false,\"layout_side_position.side\":\"right\",\"layout_side_position\":false,\"layout_nav_auto_hide\":false,\"layout_left_move\":true,\"layout_right_move\":true,\"layout_other_move\":true,\"feed_long_expand.count\":200,\"feed_long_expand.br\":30,\"feed_long_expand\":false,\"filter_profile_show_all\":false,\"feed_view_original.open\":\"page\",\"feed_view_original.direct\":false,\"feed_view_original\":false,\"feed_download_image.direct\":false,\"feed_download_image\":false,\"feed_disable_tag_dialog\":false,\"feed_no_animated_image\":false,\"feed_link_use_url\":false,\"feed_unicode_emoji\":false,\"feed_no_custom_source\":false,\"comment_layout_hide_sub\":false,\"comment_layout_by_time\":false,\"filter_follow_check.frequency\":259200000,\"filter_follow_check\":false,\"show_artical_without_follow\":false,\"uncheck_follow_presenter\":false,\"layout_fast_face\":false,\"font_family.west\":\"Times\",\"font_family.chinese\":\"中易宋体\",\"font_family\":false,\"feed_font_size.ratio\":\"120\",\"feed_font_size\":false,\"layout_avatar_shape.shape\":\"square\",\"layout_avatar_shape\":false,\"layout_nav_dark\":false,\"layout_nav_classical\":false,\"layout_nav_hide_name.act\":\"replace\",\"layout_nav_hide_name\":false,\"feed_increase_width.width\":750,\"feed_increase_width\":false,\"layout_theme_apply.skin\":\"skin058\",\"layout_theme_apply\":false,\"feed_author_content_nowrap\":false,\"feed_content_line_break.text\":\"⏎\",\"feed_content_line_break\":false,\"feed_small_image.repost\":false,\"feed_small_image\":false,\"feed_no_space\":false,\"feed_source_at_bottom\":false,\"feed_button_order.0\":\"pop\",\"feed_button_order.1\":\"favorite\",\"feed_button_order.2\":\"forward\",\"feed_button_order.3\":\"comment\",\"feed_button_order.4\":\"like\",\"feed_button_order\":true,\"feed_button_order_comment.0\":\"report\",\"feed_button_order_comment.1\":\"delete\",\"feed_button_order_comment.2\":\"conversition\",\"feed_button_order_comment.3\":\"reply\",\"feed_button_order_comment.4\":\"like\",\"feed_button_order_comment\":true,\"layout_theme_color.color1\":\"#f6f6f6\",\"layout_theme_color.transparency1\":30,\"layout_theme_color.color2\":\"#ffffff\",\"layout_theme_color.transparency2\":30,\"layout_theme_color.color3\":\"#ffffff\",\"layout_theme_color.transparency3\":30,\"layout_theme_color\":false,\"custom_css.css\":\"\",\"script_update_whatsnew.last\":58}","sync::user3655689037Follow":"s{}","sync::user3655689037Hide":"s{}","user3655689037config":"s{\"weibo.tool.load_weibo_by_group.group\":{},\"weibo.tool.load_weibo_by_group\":false,\"weibo.tool.load_weibo_by_multi_group.count\":50,\"weibo.tool.load_weibo_by_multi_group.enabled\":false,\"weibo.tool.load_weibo_by_multi_group.clear\":\"clear\",\"weibo.tool.load_weibo_by_multi_group.whisper\":false,\"weibo.tool.load_weibo_by_multi_group\":[],\"weibo.tool.use_fast_creator\":true,\"weibo.tool.refilter\":true,\"weibo.tool.fast_block_button\":false,\"weibo.tool.block_hidden\":false,\"weibo.tool.disable_lazyload\":false,\"weibo.other.group_account\":false,\"weibo.other.group_same_account\":false,\"weibo.other.auto_load_new_weibo\":false,\"weibo.other.auto_expand.etypes\":false,\"weibo.other.auto_expand.background\":true,\"weibo.other.auto_expand\":false,\"weibo.other.desktop_notification.types\":true,\"weibo.other.desktop_notification.autohide\":true,\"weibo.other.desktop_notification.shorten\":false,\"weibo.other.desktop_notification.shortlen\":50,\"weibo.other.desktop_notification.duration\":3000,\"weibo.other.desktop_notification.durationc\":150,\"weibo.other.desktop_notification.ntypes\":false,\"weibo.other.desktop_notification\":false,\"weibo.filters.keyword.whitelist\":[],\"weibo.filters.keyword.blacklist\":[],\"weibo.filters.keyword.foldlist\":[],\"weibo.filters.regexp.whitelist\":[],\"weibo.filters.regexp.blacklist\":[],\"weibo.filters.regexp.foldlist\":[],\"weibo.content.types_mention\":true,\"weibo.content.types_topic\":true,\"weibo.content.types_stock\":true,\"weibo.content.types_linkt\":true,\"weibo.content.types_linku\":false,\"weibo.content.types_emotion\":false,\"weibo.filters.account.whitelist\":[],\"weibo.filters.account.blacklist\":[],\"weibo.filters.account.foldlist\":[],\"weibo.filters.accountf.blacklist\":[],\"weibo.filters.accountf.foldlist\":[],\"weibo.original.blacklist_d\":true,\"weibo.filters.original.whitelist\":[],\"weibo.filters.original.blacklist\":[],\"weibo.filters.original.foldlist\":[],\"weibo.original.by_follower.enabled\":false,\"weibo.original.by_follower.fans\":10,\"weibo.original.by_follower\":[],\"weibo.filters.mention.whitelist\":[],\"weibo.filters.mention.blacklist\":[],\"weibo.filters.mention.foldlist\":[],\"weibo.filters.topic.whitelist\":[],\"weibo.filters.topic.blacklist\":[],\"weibo.filters.topic.foldlist\":[],\"weibo.filters.rtopic.whitelist\":[],\"weibo.filters.rtopic.blacklist\":[],\"weibo.filters.rtopic.foldlist\":[],\"weibo.filters.source.whitelist\":[],\"weibo.filters.source.blacklist\":[],\"weibo.filters.source.foldlist\":[],\"weibo.filters.hyperlink.whitelist\":[],\"weibo.filters.hyperlink.blacklist\":[],\"weibo.filters.hyperlink.foldlist\":[],\"weibo.filters.linktitle.whitelist\":[],\"weibo.filters.linktitle.blacklist\":[],\"weibo.filters.linktitle.foldlist\":[],\"weibo.other.my_weibo\":false,\"weibo.other.my_original\":false,\"weibo.other.mention_me\":false,\"weibo.other.ad_feed\":false,\"weibo.other.fans_top\":false,\"weibo.other.product_card\":false,\"weibo.other.tb_tm_wb\":false,\"weibo.other.weibo_pay_gift\":false,\"weibo.other.user_like\":false,\"weibo.other.fake_weibo\":false,\"weibo.other.deleted_forward\":false,\"weibo.other.comment_and_reply\":false,\"weibo.other.vote_weibo\":false,\"weibo.other.red2014\":false,\"weibo.other.appitem\":false,\"weibo.other.wenda\":false,\"weibo.other.wenwodr\":false,\"weibo.other.yizhibo.type\":\"all\",\"weibo.other.yizhibo\":false,\"weibo.other.stock\":false,\"weibo.other.paid\":false,\"weibo.other.multi_topic.num\":5,\"weibo.other.multi_topic\":false,\"weibo.other.too_long\":false,\"weibo.other.wei_huati\":false,\"weibo.other.wei_qun\":false,\"weibo.other.wei_fangtan\":false,\"weibo.other.wei_gongyi\":false,\"weibo.other.unauth_source\":false,\"weibo.other.same_account.number\":5,\"weibo.other.same_account.action\":\"fold\",\"weibo.other.same_account\":false,\"weibo.other.same_forward.number\":3,\"weibo.other.same_forward.action\":\"fold\",\"weibo.other.same_forward\":false,\"weibo.filters.ckeyword.whitelist\":[],\"weibo.filters.ckeyword.blacklist\":[],\"weibo.filters.cregexp.whitelist\":[],\"weibo.filters.cregexp.blacklist\":[],\"weibo.filters.cuser.whitelist\":[],\"weibo.filters.cuser.blacklist\":[],\"weibo.filters.ctopic.whitelist\":[],\"weibo.filters.ctopic.blacklist\":[],\"weibo.comment.my_comment\":true,\"weibo.comment.emoji_count.number\":8,\"weibo.comment.emoji_count\":false,\"weibo.comment.emoji_types.number\":4,\"weibo.comment.emoji_types\":false,\"weibo.comment.no_content\":false,\"weibo.comment.with_forward\":false,\"weibo.comment.with_picture.act\":\"fold\",\"weibo.comment.with_picture\":false,\"weibo.comment.delete_comment\":false,\"weibo.layoutHideIconLevel\":false,\"weibo.layoutHideIconMember\":false,\"weibo.layoutHideIconApprove\":false,\"weibo.layoutHideIconApproveCo\":false,\"weibo.layoutHideIconApproveDead\":false,\"weibo.layoutHideIconClub\":false,\"weibo.layoutHideIconVGirl\":false,\"weibo.layoutHideIconSupervisor\":false,\"weibo.layoutHideIconTaobao\":false,\"weibo.layoutHideIconCheng\":false,\"weibo.layoutHideIconGongyi\":false,\"weibo.layoutHideIconZongyika\":false,\"weibo.layoutHideIconYouji\":false,\"weibo.layoutHideIconDouble11\":false,\"weibo.layoutHideIconNight\":false,\"weibo.layoutHideIconRedPack\":false,\"weibo.layoutHideIconRun\":false,\"weibo.layoutHideIconFoolsDay\":false,\"weibo.layoutHideIconHong\":false,\"weibo.layoutHideIconWedding\":false,\"weibo.layoutHideIconPanda\":false,\"weibo.layoutHideIconWenda\":false,\"weibo.layoutHideIconOther\":false,\"weibo.layoutHideFollowSingle\":false,\"weibo.layoutHideFollowAtMe\":false,\"weibo.layoutHideFollowDiscover\":false,\"weibo.layoutHideFollowWhisper\":false,\"weibo.layoutHideFollowVideo\":false,\"weibo.layoutHideFollowRecommend\":false,\"weibo.layoutHideNavLogoImg\":false,\"weibo.layoutHideNavMain\":false,\"weibo.layoutHideNavTV\":false,\"weibo.layoutHideNavHot\":false,\"weibo.layoutHideNavGame\":false,\"weibo.layoutHideNavHotSearch\":false,\"weibo.layoutHideNavNoticeNew\":false,\"weibo.layoutHideNavNew\":false,\"weibo.layoutHideNavHotTip\":false,\"weibo.layoutHideLeftHome\":false,\"weibo.layoutHideLeftFav\":false,\"weibo.layoutHideLeftLike\":false,\"weibo.layoutHideLeftHot\":false,\"weibo.layoutHideLeftTV\":false,\"weibo.layoutHideLeftFriends\":false,\"weibo.layoutHideLeftGroupToMe\":false,\"weibo.layoutHideLeftSpecial\":false,\"weibo.layoutHideLeftWhisper\":false,\"weibo.layoutHideLeftVPlus\":false,\"weibo.layoutHideLeftNew\":false,\"weibo.layoutHideLeftNews\":false,\"weibo.layoutHideLeftCount\":false,\"weibo.layoutHideMiddleRecommendedTopic\":false,\"weibo.layoutHideMiddleFeedRecommand\":false,\"weibo.layoutHideMiddleMemberTip\":false,\"weibo.layoutHideRightInfo\":false,\"weibo.layoutHideRightRecomMusicRank\":false,\"weibo.layoutHideRightHotTopic\":false,\"weibo.layoutHideRightHotTopicExpand\":false,\"weibo.layoutHideRightInterest\":false,\"weibo.layoutHideRightMember\":false,\"weibo.layoutHideRightGroups\":false,\"weibo.layoutHideRightRecomGroupUser\":false,\"weibo.layoutHideRightHongbaoRank\":false,\"weibo.layoutHideRightMovie\":false,\"weibo.layoutHideRightAttFeed\":false,\"weibo.layoutHideRightTaobaoMovie\":false,\"weibo.layoutHideRightNotice\":false,\"weibo.layoutHideWeiboRecomFeed\":false,\"weibo.layoutHideWeiboFeedOuterTip\":false,\"weibo.layoutHideWeiboFeedTip\":false,\"weibo.layoutHideWeiboGroupTip\":false,\"weibo.layoutHideWeiboVIPBackground\":false,\"weibo.layoutHideWeiboLastPic\":false,\"weibo.layoutHideWeiboPicTag\":false,\"weibo.layoutHideWeiboSonTitle\":false,\"weibo.layoutHideWeiboCard\":false,\"weibo.layoutHideWeiboArticalPay\":false,\"weibo.layoutHideWeiboTag\":false,\"weibo.layoutHideWeiboMovieTag\":false,\"weibo.layoutHideWeiboSource\":false,\"weibo.layoutHideWeiboPop\":false,\"weibo.layoutHideWeiboLike\":false,\"weibo.layoutHideWeiboLikeComment\":false,\"weibo.layoutHideWeiboForward\":false,\"weibo.layoutHideWeiboFavourite\":false,\"weibo.layoutHideWeiboPromoteOther\":false,\"weibo.layoutHideWeiboReport\":false,\"weibo.layoutHideWeiboUseCardBackground\":false,\"weibo.layoutHidePersonMoveThings\":false,\"weibo.layoutHidePersonCover\":false,\"weibo.layoutHidePersonBGImg\":false,\"weibo.layoutHidePersonBadgeIcon\":false,\"weibo.layoutHidePersonVerify\":false,\"weibo.layoutHidePersonEditPersonInfo\":false,\"weibo.layoutHidePersonStats\":false,\"weibo.layoutHidePersonMyData\":false,\"weibo.layoutHidePersonSuggestUser\":false,\"weibo.layoutHidePersonGroup\":false,\"weibo.layoutHidePersonRelation\":false,\"weibo.layoutHidePersonAlbum\":false,\"weibo.layoutHidePersonHotTopic\":false,\"weibo.layoutHidePersonHotWeibo\":false,\"weibo.layoutHidePersonUserList\":false,\"weibo.layoutHidePersonHongbao\":false,\"weibo.layoutHidePersonWenwoDr\":false,\"weibo.layoutHidePersonTimeline\":false,\"weibo.layout.pleft\":[],\"weibo.layoutHideMessagesHelp\":false,\"weibo.layoutHideMessagesFeedback\":false,\"weibo.layoutHideMessagesYoudao\":false,\"weibo.layoutHideOtherAds\":true,\"weibo.layoutHideOtherMusic\":false,\"weibo.layoutHideOtherTemplate\":false,\"weibo.layoutHideOtherHomeTip\":false,\"weibo.layoutHideOtherFooter\":false,\"weibo.layoutHideOtherWbIm\":false,\"weibo.layoutHideOtherIM\":false,\"weibo.layoutHideOtherIMNews\":false,\"weibo.layoutHideOtherTip\":false,\"weibo.layoutHideOtherRelatedWB\":false,\"weibo.layoutHideOtherRelatedVideo\":false,\"weibo.layoutHideOtherRelatedArtical\":false,\"weibo.layoutHideOtherSendWeibo\":false,\"weibo.tool.showAllMsgNav.atme\":true,\"weibo.tool.showAllMsgNav.cmt\":true,\"weibo.tool.showAllMsgNav.like\":false,\"weibo.tool.showAllMsgNav.dm\":false,\"weibo.tool.showAllMsgNav.msgbox\":false,\"weibo.tool.showAllMsgNav.group\":false,\"weibo.tool.showAllMsgNav.dmsub\":false,\"weibo.tool.showAllMsgNav\":false,\"weibo.tool.showAllGroup\":false,\"weibo.tool.mergeColumns.side\":\"right\",\"weibo.tool.mergeColumns\":false,\"weibo.tool.chose_side.side\":\"right\",\"weibo.tool.chose_side\":false,\"weibo.tool.filte_right_topic\":false,\"weibo.tool.filte_right_topic_count.number\":200,\"weibo.tool.filte_right_topic_count\":false,\"weibo.tool.right_user_list\":[],\"weibo.tool.right_user_list_notice._records\":[],\"weibo.tool.right_user_list_notice._last\":{},\"weibo.tool.right_user_list_notice\":false,\"weibo.tool.hide_nav_bar\":false,\"weibo.tool.fixedLeft\":true,\"weibo.tool.fixedRight\":true,\"weibo.tool.fixedNewFeedTip\":false,\"weibo.tool.fixedOthers\":true,\"weibo.tool.auto_unfold_weibo.count\":200,\"weibo.tool.auto_unfold_weibo.br\":30,\"weibo.tool.auto_unfold_weibo\":false,\"weibo.tool.clear_def_topic\":false,\"weibo.tool.redirectWeibo\":false,\"weibo.tool.cardButton\":false,\"weibo.tool.viewOriginal.open\":\"page\",\"weibo.tool.viewOriginal.direct\":false,\"weibo.tool.viewOriginal.method\":\"default\",\"weibo.tool.viewOriginal.url\":\"default\",\"weibo.tool.viewOriginal\":false,\"weibo.tool.downloadImage.direct\":false,\"weibo.tool.downloadImage\":false,\"weibo.tool.noTagDialog\":false,\"weibo.tool.pause_animated_image\":false,\"weibo.tool.disable_video_menu\":false,\"weibo.tool.replace_link\":false,\"weibo.tool.replace_image_emoji\":false,\"weibo.other.customize_source\":false,\"weibo.other.fold_child_comment\":false,\"weibo.other.comment_show_all\":false,\"weibo.tool.auto_check_following.frequency\":\"3\",\"weibo.tool.auto_check_following\":false,\"weibo.tool.auto_unfold_ttartical\":false,\"weibo.tool.uncheck_follow_presenter\":false,\"weibo.tool.fast_emoji.top\":[null,null,null,null,null,null,null,null,null,null],\"weibo.tool.fast_emoji.recent\":[null,null,null,null,null,null,null,null,null,null],\"weibo.tool.fast_emoji\":false,\"weibo.tool.disable_desktop_notification\":false,\"weibo.tool.disable_live_photo\":false,\"weibo.tool.disable_video_click_pop\":false,\"weibo.tool.no_pop_but_full_screen\":false,\"weibo.tool.video_no_auto_next\":false,\"weibo.tool.custom_font_family.wf\":\"Times\",\"weibo.tool.custom_font_family.cf\":\"中易宋体\",\"weibo.tool.custom_font_family\":false,\"weibo.tool.weibo_large_font.ratio\":\"120\",\"weibo.tool.weibo_large_font\":false,\"weibo.tool.avatar_shape.shape\":\"square\",\"weibo.tool.avatar_shape\":false,\"weibo.tool.dark_nav_bar\":false,\"weibo.tool.reorder_nav_bar\":false,\"weibo.tool.nav_hide_name.act\":\"replace\",\"weibo.tool.nav_hide_name\":false,\"weibo.tool.width_weibo.width\":750,\"weibo.tool.width_weibo\":false,\"weibo.tool.weibo_only.width\":600,\"weibo.tool.weibo_only.key\":119,\"weibo.tool.weibo_only.switch\":false,\"weibo.tool.weibo_only._enabled\":false,\"weibo.tool.weibo_only\":false,\"weibo.tool.set_skin.skin\":\"skin058\",\"weibo.tool.set_skin\":false,\"weibo.tool.unwrapText\":false,\"weibo.tool.unwrapContent.text\":\"⏎\",\"weibo.tool.unwrapContent\":false,\"weibo.tool.image_size.repost\":false,\"weibo.tool.image_size\":false,\"weibo.tool.no_weibo_space\":false,\"weibo.tool.from_in_bottom\":false,\"weibo.tool.user_page_no_author.who\":\"all\",\"weibo.tool.user_page_no_author\":false,\"weibo.tool.hover_show_fold\":false,\"weibo.tool.fold_text.text\":\"author-reason\",\"weibo.tool.fold_text\":false,\"weibo.layout.reorder.1\":\"pop\",\"weibo.layout.reorder.2\":\"favorite\",\"weibo.layout.reorder.3\":\"forward\",\"weibo.layout.reorder.4\":\"comment\",\"weibo.layout.reorder.5\":\"like\",\"weibo.layout.reorder\":true,\"weibo.layout.cmtorder.1\":\"report\",\"weibo.layout.cmtorder.2\":\"delete\",\"weibo.layout.cmtorder.3\":\"conversition\",\"weibo.layout.cmtorder.4\":\"reply\",\"weibo.layout.cmtorder.5\":\"like\",\"weibo.layout.cmtorder\":true,\"weibo.tool.whitelist_highlight.color\":\"#dafee4\",\"weibo.tool.whitelist_highlight.transparency\":0,\"weibo.tool.whitelist_highlight\":false,\"weibo.tool.color_override.color1\":\"#f6f6f6\",\"weibo.tool.color_override.transparency1\":30,\"weibo.tool.color_override.color2\":\"#ffffff\",\"weibo.tool.color_override.transparency2\":30,\"weibo.tool.color_override.color3\":\"#ffffff\",\"weibo.tool.color_override.transparency3\":30,\"weibo.tool.color_override\":false,\"weibo.tool.userstyle\":\"\",\"weibo._yawf_version\":489,\"script.other.auto_complete\":true}","whatsnew":"btrue"}}