{"options":{"check_for_updates":true,"comment":null,"compatopts_for_requires":true,"compat_wrappedjsobject":false,"compat_metadata":false,"compat_foreach":false,"compat_prototypes":false,"compat_powerful_this":null,"noframes":null,"unwrap":null,"run_at":null,"tab_types":null,"override":{"use_includes":[],"orig_includes":["https://acold.xyz/"],"merge_includes":true,"use_matches":[],"orig_matches":["http://bbs.zhiyoo.net/search.php?mod=forum&adv=yes","https://www.423down.com/*","https://www.52pojie.cn/search.php*","https://www.52pojie.cn/forum*","https://www.ghxi.com/*","https://www.ghxi.com/?btwaf*","https://bbs.kafan.cn/forum-65-1.html"],"merge_matches":true,"use_excludes":[],"orig_excludes":[],"merge_excludes":true,"use_connects":[],"merge_connects":true,"use_blockers":[],"orig_run_at":"document-idle","orig_noframes":null}},"settings":{"enabled":true,"position":61},"meta":{"name":"zd423|吾爱|果核|卡饭 精简去推广","uuid":"e3bbe5b5-2278-4f63-a3f9-f99b6eed68e6","modified":1621574731559,"file_url":"https://greasyfork.org/scripts/417544-zd423-%E5%90%BE%E7%88%B1-%E6%9E%9C%E6%A0%B8-%E5%8D%A1%E9%A5%AD-%E7%B2%BE%E7%AE%80%E5%8E%BB%E6%8E%A8%E5%B9%BF/code/zd423%7C%E5%90%BE%E7%88%B1%7C%E6%9E%9C%E6%A0%B8%7C%E5%8D%A1%E9%A5%AD%20%E7%B2%BE%E7%AE%80%E5%8E%BB%E6%8E%A8%E5%B9%BF.user.js"}}