{"options":{"check_for_updates":true,"comment":null,"compatopts_for_requires":true,"compat_wrappedjsobject":false,"compat_metadata":false,"compat_foreach":false,"compat_prototypes":false,"compat_powerful_this":null,"noframes":null,"unwrap":null,"run_at":null,"tab_types":null,"override":{"use_includes":[],"orig_includes":[],"merge_includes":true,"use_matches":[],"orig_matches":["*://music.163.com/*","*://y.qq.com/*","*://www.kugou.com/*","*://www.kuwo.cn/*","*://www.xiami.com/*","*://music.baidu.com/*","*://www.qingting.fm/*","*://www.lizhi.fm/*","*://music.migu.cn/*","*://www.ximalaya.com/*"],"merge_matches":true,"use_excludes":[],"orig_excludes":[],"merge_excludes":true,"use_connects":[],"orig_connects":[],"merge_connects":true,"use_blockers":[],"orig_run_at":"document-end","orig_noframes":null}},"settings":{"enabled":false,"position":49},"meta":{"name":"【4年老脚本 常更新】 全网音乐一键免费下载 一键搜索 在线试听 增加手机端app和[无损音乐的下载]2022.04.23更新 全新服务器单独运行","uuid":"0327dd56-01b8-40a8-b519-52963b554958","modified":1652511028743,"file_url":"https://greasyfork.org/scripts/37058-3%E5%B9%B4%E8%80%81%E8%84%9A%E6%9C%AC-%E7%BB%A7%E7%BB%AD%E7%A8%B3%E5%AE%9A-%E5%85%A8%E7%BD%91%E9%9F%B3%E4%B9%90%E4%B8%80%E9%94%AE%E5%85%8D%E8%B4%B9%E4%B8%8B%E8%BD%BD-%E4%B8%80%E9%94%AE%E6%90%9C%E7%B4%A2-%E5%9C%A8%E7%BA%BF%E8%AF%95%E5%90%AC-%E5%A2%9E%E5%8A%A0%E6%89%8B%E6%9C%BA%E7%AB%AFapp%E5%92%8C-%E6%97%A0%E6%8D%9F%E9%9F%B3%E4%B9%90%E7%9A%84%E4%B8%8B%E8%BD%BD-2020-11-6%E6%9B%B4%E6%96%B0-%E5%85%A8%E6%96%B0%E6%9C%8D%E5%8A%A1%E5%99%A8%E5%8D%95%E7%8B%AC%E8%BF%90%E8%A1%8C/code/%E3%80%903%E5%B9%B4%E8%80%81%E8%84%9A%E6%9C%AC%20%E7%BB%A7%E7%BB%AD%E7%A8%B3%E5%AE%9A%E3%80%91%20%E5%85%A8%E7%BD%91%E9%9F%B3%E4%B9%90%E4%B8%80%E9%94%AE%E5%85%8D%E8%B4%B9%E4%B8%8B%E8%BD%BD%20%E4%B8%80%E9%94%AE%E6%90%9C%E7%B4%A2%20%E5%9C%A8%E7%BA%BF%E8%AF%95%E5%90%AC%20%E5%A2%9E%E5%8A%A0%E6%89%8B%E6%9C%BA%E7%AB%AFapp%E5%92%8C%5B%E6%97%A0%E6%8D%9F%E9%9F%B3%E4%B9%90%E7%9A%84%E4%B8%8B%E8%BD%BD%5D2020116%E6%9B%B4%E6%96%B0%20%E5%85%A8%E6%96%B0%E6%9C%8D%E5%8A%A1%E5%99%A8%E5%8D%95%E7%8B%AC%E8%BF%90%E8%A1%8C.user.js"}}