{"options":{"check_for_updates":false,"comment":null,"compatopts_for_requires":true,"compat_wrappedjsobject":false,"compat_metadata":false,"compat_foreach":false,"compat_prototypes":false,"compat_powerful_this":null,"noframes":null,"unwrap":null,"run_at":null,"tab_types":null,"override":{"use_includes":[],"orig_includes":["/^https?:\\/\\/[^\\/]+?(?:\\.bumimi|\\/(?:.+?(?:\\.mp3|video\\/|\\/upic\\/20.+?\\.mp4|\\d+?&type=(?:ximalaya|1ting)|\\.m(?:3u8|p4)\\?\\w+?=|(?:\\w+?_\\w+?|search|jx|url|id|v|&[^\\/]+?|\\w+?\\.html\\?\\w+?)[#=\\?]https?:\\/\\/[^\\/]+?\\.(?:youku|mgtv|sohu|pptv|1905|ixigua|iqiyi|le|qq|bilibili|acfun)\\.)|[^\\/]+?\\/(?:tv|acg|mov)\\/))/"],"merge_includes":true,"use_matches":[],"orig_matches":["*://v.youku.com/v_show/id_*","*://v.qq.com/x/cover/*","*://v.qq.com/*/p/topic/*","*://w.mgtv.com/b/*","*://www.mgtv.com/b/*","*://tw.iqiyi.com/v_*","*://www.iqiyi.com/v_*","*://www.iqiyi.com/a_*","*://www.iqiyi.com/w_*","*://www.iqiyi.com/kszt/*","*://tv.sohu.com/v/*","*://film.sohu.com/album/*","*://www.le.com/ptv/vplay/*","*://v.pptv.com/show/*","*://vip.1905.com/play/*","*://www.ixigua.com/*","*://www.bilibili.com/bangumi/play/*","*://www.acfun.cn/bangumi/*","*://www.douyin.com/*","*://www.kuaishou.com/*","*://www.bilibili.com/blackboard/*","*://www.bilibili.com/*video/*","*://player.bilibili.com/*","*://*.tudou.com/v/*","*://*.tudou.com/*/id_*","*://v-wb.youku.com/v_show/id_*","*://vku.youku.com/live/*","*://w.mgtv.com/l/*","*://w.mgtv.com/s/*","*://www.mgtv.com/l/*","*://www.mgtv.com/s/*","*://www.mgtv.com/act/*","*://haokan.baidu.com/v*","*://haokan.hao123.com/v*","*://tieba.baidu.com/p/*","*://www.wbdy.tv/*","*://www.ikukk.com/*","*://www.cupfox.com/search?key=*","*://movie.douban.com/subject/*","*://www.9ku.com/play/*","*://m.9ku.com/play/*","*://m.bilibili.com/bangumi/play/*","*://www.acfun.cn/*/ac*","*://m.youku.com/*/id_*","*://m.mgtv.com/b/*","*://m.pptv.com/show/*","*://m.tv.sohu.com/v*","*://m.tv.sohu.com/u/*","*://m.tv.sohu.com/phone_play_film*","*://m.le.com/vplay_*","*://m.iqiyi.com/v_*","*://m.v.qq.com/*","*://3g.v.qq.com/*","*://v.qq.com/x/page/*","*://m.ixigua.com/video/*","*://z1.m1907.cn/*","*://www.yinyuetai.com/play?id=*","*://m.acfun.cn/v/*","*://m.douban.com/movie/subject/*","*://music.163.com/*","*://y.music.163.com/*","*://kuwo.cn/*","*://bd.kuwo.cn/*","*://www.kuwo.cn/*","*://m.kuwo.cn/newh5*","*://www.kugou.com/song/*","*://www.kugou.com/mvweb/*","*://m3ws.kugou.com/kgsong/*","*://m3ws.kugou.com/mv/*","*://m.kugou.com/*","*://y.qq.com/*","*://i.y.qq.com/*","*://www.xiami.com/*","*://h.xiami.com/*","*://m.xiami.com/*","*://music.migu.cn/*","*://m.music.migu.cn/*","*://5sing.kugou.com/*","*://kg.qq.com/node/*","*://www.app-echo.com/*","*://radio.sky31.com/*","*://www.lrts.me/playlist*","*://m.ximalaya.com/*","*://www.ximalaya.com/*","*://www.1ting.com/*","*://www.zhaojiaoben.cn/*","*://video.isyour.love/*"],"merge_matches":true,"use_excludes":[],"orig_excludes":[],"merge_excludes":true,"use_connects":[],"orig_connects":["*"],"merge_connects":true,"use_blockers":[],"orig_run_at":"document-end","orig_noframes":true}},"settings":{"enabled":false,"position":48},"meta":{"name":"【电脑 && 手机 全网唯一全自动脚本】VIP会员视频自动解析","uuid":"f6679824-cf18-4478-9163-bee73f3ce169","modified":1638089193884,"file_url":"https://greasyfork.org/scripts/413063-%E7%A0%B4%E8%A7%A3vip%E4%BC%9A%E5%91%98%E8%A7%86%E9%A2%91%E8%87%AA%E5%8A%A8%E8%A7%A3%E6%9E%90/code/%E7%A0%B4%E8%A7%A3VIP%E4%BC%9A%E5%91%98%E8%A7%86%E9%A2%91%E8%87%AA%E5%8A%A8%E8%A7%A3%E6%9E%90.user.js"}}