{"options":{"check_for_updates":true,"comment":null,"compatopts_for_requires":true,"compat_wrappedjsobject":false,"compat_metadata":false,"compat_foreach":false,"compat_prototypes":false,"compat_powerful_this":null,"noframes":null,"unwrap":null,"run_at":null,"tab_types":null,"override":{"use_includes":[],"orig_includes":[],"merge_includes":true,"use_matches":[],"orig_matches":["*://*.iqiyi.com/*","*://*.youku.com/*","*://*.le.com/*","*://*.letv.com/*","*://v.qq.com/*","*://*.tudou.com/*","*://*.mgtv.com/*","*://film.sohu.com/*","*://tv.sohu.com/*","*://*.acfun.cn/v/*","*://*.bilibili.com/*","*://vip.1905.com/play/*","*://*.pptv.com/*","*://v.yinyuetai.com/video/*","*://v.yinyuetai.com/playlist/*","*://*.fun.tv/vplay/*","*://*.wasu.cn/Play/show/*","*://*.56.com/*","*://*.tmall.com/*","*://1*.taobao.com/*","*://*.jd.com/*","*://*.yangkeduo.com/*"],"merge_matches":true,"use_excludes":[],"orig_excludes":[],"merge_excludes":true,"use_connects":[],"orig_connects":[],"merge_connects":true,"use_blockers":[],"orig_run_at":"document-idle","orig_noframes":true}},"settings":{"enabled":false,"position":86},"meta":{"name":"全网vip视频破解","uuid":"061aa00f-dd0b-438b-8b17-62e435ee6224","modified":1663858153702,"file_url":"https://greasyfork.org/scripts/36437-%E5%85%A8%E7%BD%91vip%E8%A7%86%E9%A2%91%E7%A0%B4%E8%A7%A3/code/%E5%85%A8%E7%BD%91vip%E8%A7%86%E9%A2%91%E7%A0%B4%E8%A7%A3.user.js"}}