{"options":{"check_for_updates":true,"comment":null,"compatopts_for_requires":true,"compat_wrappedjsobject":false,"compat_metadata":false,"compat_foreach":false,"compat_prototypes":false,"compat_powerful_this":null,"noframes":null,"unwrap":null,"run_at":null,"tab_types":null,"override":{"use_includes":[],"orig_includes":["http://www.52pojie.cn/forum*","http://www.52pojie.cn/thread*"],"merge_includes":true,"use_matches":[],"orig_matches":[],"merge_matches":true,"use_excludes":[],"orig_excludes":[],"merge_excludes":true,"use_connects":[],"merge_connects":true,"use_blockers":[],"orig_run_at":"document-idle","orig_noframes":null}},"settings":{"enabled":false,"position":5},"meta":{"name":"吾爱破解网盘链接激活工具 by lsj8924","uuid":"21f593a2-9b6d-4d97-9410-b62044550bef","modified":1497583672974,"file_url":"https://greasyfork.org/scripts/23600-%E5%90%BE%E7%88%B1%E7%A0%B4%E8%A7%A3%E7%BD%91%E7%9B%98%E9%93%BE%E6%8E%A5%E6%BF%80%E6%B4%BB%E5%B7%A5%E5%85%B7-by-lsj8924/code/%E5%90%BE%E7%88%B1%E7%A0%B4%E8%A7%A3%E7%BD%91%E7%9B%98%E9%93%BE%E6%8E%A5%E6%BF%80%E6%B4%BB%E5%B7%A5%E5%85%B7%20by%20lsj8924.user.js"}}