{"options":{"check_for_updates":true,"comment":null,"compatopts_for_requires":true,"compat_wrappedjsobject":false,"compat_metadata":false,"compat_foreach":false,"compat_prototypes":false,"compat_powerful_this":null,"noframes":null,"unwrap":null,"run_at":null,"tab_types":null,"override":{"use_includes":[],"orig_includes":[],"merge_includes":true,"use_matches":[],"orig_matches":["*://cloud.189.cn/*"],"merge_matches":true,"use_excludes":[],"orig_excludes":[],"merge_excludes":true,"use_connects":[],"merge_connects":true,"use_blockers":[],"orig_run_at":"document-idle","orig_noframes":null}},"settings":{"enabled":true,"position":51},"meta":{"name":"天翼云盘免登录下载","uuid":"5f441e03-0bea-45ca-856c-fd5d2044b241","modified":1604714923193,"file_url":"https://greasyfork.org/scripts/415546-%E5%A4%A9%E7%BF%BC%E4%BA%91%E7%9B%98%E5%85%8D%E7%99%BB%E5%BD%95%E4%B8%8B%E8%BD%BD/code/%E5%A4%A9%E7%BF%BC%E4%BA%91%E7%9B%98%E5%85%8D%E7%99%BB%E5%BD%95%E4%B8%8B%E8%BD%BD.user.js"}}