{"options":{"check_for_updates":true,"comment":null,"compatopts_for_requires":true,"compat_wrappedjsobject":false,"compat_metadata":false,"compat_foreach":false,"compat_prototypes":false,"compat_powerful_this":null,"noframes":null,"unwrap":null,"run_at":null,"tab_types":null,"override":{"use_includes":[],"orig_includes":[],"merge_includes":true,"use_matches":[],"orig_matches":["*://music.163.com/*","*://y.qq.com/*"],"merge_matches":true,"use_excludes":[],"orig_excludes":[],"merge_excludes":true,"use_connects":[],"merge_connects":true,"use_blockers":[],"orig_run_at":"document-idle","orig_noframes":null}},"settings":{"enabled":false,"position":55},"meta":{"name":"小帅的QQ音乐下载脚本 小帅长期维护ing...每天进步一点点！","uuid":"2c86ece9-bd91-4365-8d69-34886b21446f","modified":1604715152154,"file_url":"https://greasyfork.org/scripts/415442-%E5%B0%8F%E5%B8%85%E7%9A%84qq%E9%9F%B3%E4%B9%90%E4%B8%8B%E8%BD%BD%E8%84%9A%E6%9C%AC-%E5%B0%8F%E5%B8%85%E9%95%BF%E6%9C%9F%E7%BB%B4%E6%8A%A4ing-%E6%AF%8F%E5%A4%A9%E8%BF%9B%E6%AD%A5%E4%B8%80%E7%82%B9%E7%82%B9/code/%E5%B0%8F%E5%B8%85%E7%9A%84QQ%E9%9F%B3%E4%B9%90%E4%B8%8B%E8%BD%BD%E8%84%9A%E6%9C%AC%20%E5%B0%8F%E5%B8%85%E9%95%BF%E6%9C%9F%E7%BB%B4%E6%8A%A4ing%E6%AF%8F%E5%A4%A9%E8%BF%9B%E6%AD%A5%E4%B8%80%E7%82%B9%E7%82%B9%EF%BC%81.user.js"}}