{"options":{"check_for_updates":true,"comment":null,"compatopts_for_requires":true,"compat_wrappedjsobject":false,"compat_metadata":false,"compat_foreach":false,"compat_prototypes":false,"compat_powerful_this":null,"noframes":null,"unwrap":null,"run_at":null,"tab_types":null,"override":{"use_includes":[],"orig_includes":[],"merge_includes":true,"use_matches":[],"orig_matches":["*://wenku.baidu.com/*"],"merge_matches":true,"use_excludes":[],"orig_excludes":[],"merge_excludes":true,"use_connects":[],"orig_connects":[],"merge_connects":true,"use_blockers":[],"orig_run_at":"document-start","orig_noframes":null}},"settings":{"enabled":false,"position":98},"meta":{"name":"百度文库-精简&优化","uuid":"833c0686-d942-48b2-879c-6a7b4c3d3905","modified":1646031964038,"file_url":"https://greasyfork.org/scripts/422847-%E7%99%BE%E5%BA%A6%E6%96%87%E5%BA%93-%E7%B2%BE%E7%AE%80-%E4%BC%98%E5%8C%96/code/%E7%99%BE%E5%BA%A6%E6%96%87%E5%BA%93-%E7%B2%BE%E7%AE%80%E4%BC%98%E5%8C%96.user.js"}}