{"options":{"check_for_updates":true,"comment":null,"compatopts_for_requires":true,"compat_wrappedjsobject":false,"compat_metadata":false,"compat_foreach":false,"compat_prototypes":false,"compat_powerful_this":null,"noframes":null,"unwrap":null,"run_at":null,"tab_types":null,"override":{"use_includes":[],"orig_includes":["/.*www\\.xbiquge\\.la\\/\\d+\\/\\d+\\/\\d+\\.html/","/.*www\\.xsbiquge\\.com\\/\\d+_\\d+\\/\\d+\\.html/","*://www.ciymao.com/chapter/*/*.html","/.*www.biquge.info\\/\\d+_\\d+\\/\\d+\\.html/","/.*www\\.bqg44\\.net\\/book\\/\\d+\\/\\d+\\.html/","/.*www\\.shubao2s\\.net\\/\\d+_\\d+\\/\\d+\\.html/"],"merge_includes":true,"use_matches":[],"orig_matches":[],"merge_matches":true,"use_excludes":[],"orig_excludes":[],"merge_excludes":true,"use_connects":[],"merge_connects":true,"use_blockers":[],"orig_run_at":"document-idle","orig_noframes":null}},"settings":{"enabled":false,"position":54},"meta":{"name":"笔趣阁类小说网站阅读页精简","uuid":"5ae8baf9-3479-4268-85dd-85fa8d52a2bf","modified":1604715123659,"file_url":"https://greasyfork.org/scripts/396935-%E7%AC%94%E8%B6%A3%E9%98%81%E7%B1%BB%E5%B0%8F%E8%AF%B4%E7%BD%91%E7%AB%99%E9%98%85%E8%AF%BB%E9%A1%B5%E7%B2%BE%E7%AE%80/code/%E7%AC%94%E8%B6%A3%E9%98%81%E7%B1%BB%E5%B0%8F%E8%AF%B4%E7%BD%91%E7%AB%99%E9%98%85%E8%AF%BB%E9%A1%B5%E7%B2%BE%E7%AE%80.user.js"}}