{"options":{"check_for_updates":true,"comment":null,"compatopts_for_requires":true,"compat_wrappedjsobject":true,"compat_metadata":false,"compat_foreach":false,"compat_prototypes":false,"compat_powerful_this":null,"noframes":null,"unwrap":null,"run_at":null,"tab_types":null,"override":{"use_includes":[],"orig_includes":["*"],"merge_includes":true,"use_matches":[],"orig_matches":[],"merge_matches":true,"use_excludes":[],"orig_excludes":[],"merge_excludes":true,"use_connects":[],"merge_connects":true,"use_blockers":[],"orig_run_at":"document-end","orig_noframes":null}},"settings":{"enabled":true,"position":65},"meta":{"name":"网页强制复制(增强版)","uuid":"d29020bd-1ff4-444f-93a8-fc7d2a61f59c","modified":1619013839238,"file_url":"https://greasyfork.org/scripts/424254-%E7%BD%91%E9%A1%B5%E5%BC%BA%E5%88%B6%E5%A4%8D%E5%88%B6-%E5%A2%9E%E5%BC%BA%E7%89%88/code/%E7%BD%91%E9%A1%B5%E5%BC%BA%E5%88%B6%E5%A4%8D%E5%88%B6(%E5%A2%9E%E5%BC%BA%E7%89%88).user.js"}}