{"options":{"check_for_updates":true,"comment":null,"compatopts_for_requires":true,"compat_wrappedjsobject":false,"compat_metadata":false,"compat_foreach":false,"compat_prototypes":false,"compat_powerful_this":null,"noframes":null,"unwrap":null,"run_at":null,"tab_types":null,"override":{"use_includes":[],"orig_includes":[],"merge_includes":true,"use_matches":[],"orig_matches":["*://*/*"],"merge_matches":true,"use_excludes":[],"orig_excludes":[],"merge_excludes":true,"use_connects":[],"merge_connects":true,"use_blockers":[],"orig_run_at":"document-idle","orig_noframes":null}},"settings":{"enabled":false,"position":22},"meta":{"name":"自动刷新页面","uuid":"e42b0071-1228-444c-ab7d-b8d0e9fe7a06","modified":1528337961707,"file_url":"https://greasyfork.org/scripts/39506-%E8%87%AA%E5%8A%A8%E5%88%B7%E6%96%B0%E9%A1%B5%E9%9D%A2/code/%E8%87%AA%E5%8A%A8%E5%88%B7%E6%96%B0%E9%A1%B5%E9%9D%A2.user.js"}}