{"options":{"check_for_updates":true,"comment":null,"compatopts_for_requires":true,"compat_wrappedjsobject":false,"compat_metadata":false,"compat_foreach":false,"compat_prototypes":false,"compat_powerful_this":null,"noframes":null,"unwrap":null,"run_at":null,"tab_types":null,"override":{"use_includes":[],"orig_includes":["*//search.jd.com/*","*//www.jd.com/pinpai/*","*//list.jd.com/list.html?*"],"merge_includes":true,"use_matches":[],"orig_matches":[],"merge_matches":true,"use_excludes":[],"orig_excludes":[],"merge_excludes":true,"use_connects":[],"merge_connects":true,"use_blockers":[],"orig_run_at":"document-start","orig_noframes":null}},"settings":{"enabled":false,"position":95},"meta":{"name":"自动京东配送","uuid":"00882101-064c-4065-a4a3-0cb9205eee83","modified":1526535249424,"file_url":"https://greasyfork.org/scripts/18190-%E8%87%AA%E5%8A%A8%E4%BA%AC%E4%B8%9C%E9%85%8D%E9%80%81/code/%E8%87%AA%E5%8A%A8%E4%BA%AC%E4%B8%9C%E9%85%8D%E9%80%81.user.js"}}