{"options":{"check_for_updates":true,"comment":null,"compatopts_for_requires":true,"compat_wrappedjsobject":false,"compat_metadata":false,"compat_foreach":false,"compat_prototypes":false,"compat_powerful_this":null,"noframes":null,"unwrap":null,"run_at":null,"tab_types":null,"override":{"use_includes":[],"orig_includes":[],"merge_includes":true,"use_matches":[],"orig_matches":["*://*.51yuansu.com/*","*://*.ooopic.com/*","*://*.58pic.com/*","*://*.nipic.com/*","*://*.90sheji.com/*","*://*.588ku.com/*","*://*.ibaotu.com/*","*://*.699pic.com/*","*://download.csdn.net/*","*://*.docer.com/*","*://*.17sucai.com/*","*://*.tukuppt.com/*","*://*.92sucai.com/*","*://*.yanj.cn/*","*://*.netbian.com/*","*://*.huiyi8.com/*","*://*.88tph.com/*","*://*.51miz.com/*","*://*.16pic.com/*","*://*.125pic.com/*"],"merge_matches":true,"use_excludes":[],"orig_excludes":[],"merge_excludes":true,"use_connects":[],"merge_connects":true,"use_blockers":[],"orig_run_at":"document-idle","orig_noframes":null}},"settings":{"enabled":false,"position":40},"meta":{"name":"通用20站全网图库素材VIP高速下载，支持千图网VIP/千库网VIP/包图网VIP/摄图网VIP/昵图网VIP/90设计VIP/觅元素VIP/我图网VIP/17素材VIP/稻壳儿VIP/图品汇VIP等","uuid":"e2d36fab-1971-40d5-b71d-f9cdb94b6bdc","modified":1578541098386,"file_url":"https://greasyfork.org/scripts/394732-%E9%80%9A%E7%94%A820%E7%AB%99%E5%85%A8%E7%BD%91%E5%9B%BE%E5%BA%93%E7%B4%A0%E6%9D%90vip%E9%AB%98%E9%80%9F%E4%B8%8B%E8%BD%BD-%E6%94%AF%E6%8C%81%E5%8D%83%E5%9B%BE%E7%BD%91vip-%E5%8D%83%E5%BA%93%E7%BD%91vip-%E5%8C%85%E5%9B%BE%E7%BD%91vip-%E6%91%84%E5%9B%BE%E7%BD%91vip-%E6%98%B5%E5%9B%BE%E7%BD%91vip-90%E8%AE%BE%E8%AE%A1vip-%E8%A7%85%E5%85%83%E7%B4%A0vip-%E6%88%91%E5%9B%BE%E7%BD%91vip-17%E7%B4%A0%E6%9D%90vip-%E7%A8%BB%E5%A3%B3%E5%84%BFvip-%E5%9B%BE%E5%93%81%E6%B1%87vip%E7%AD%89/code/%E9%80%9A%E7%94%A820%E7%AB%99%E5%85%A8%E7%BD%91%E5%9B%BE%E5%BA%93%E7%B4%A0%E6%9D%90VIP%E9%AB%98%E9%80%9F%E4%B8%8B%E8%BD%BD%EF%BC%8C%E6%94%AF%E6%8C%81%E5%8D%83%E5%9B%BE%E7%BD%91VIP%E5%8D%83%E5%BA%93%E7%BD%91VIP%E5%8C%85%E5%9B%BE%E7%BD%91VIP%E6%91%84%E5%9B%BE%E7%BD%91VIP%E6%98%B5%E5%9B%BE%E7%BD%91VIP90%E8%AE%BE%E8%AE%A1VIP%E8%A7%85%E5%85%83%E7%B4%A0VIP%E6%88%91%E5%9B%BE%E7%BD%91VIP17%E7%B4%A0%E6%9D%90VIP%E7%A8%BB%E5%A3%B3%E5%84%BFVIP%E5%9B%BE%E5%93%81%E6%B1%87VIP%E7%AD%89.user.js"}}